#رقم,مشكول,صنف,أصل,جنس,عدد
2,مُقَفَّى,مفعول,قَفَّى,مذكر,مفرد
3,مُقَفّاة,مفعول,قَفَّى,مؤنث,مفرد
4,مَبْتُوتٌ,مفعول,بَتَّ,مذكر,مفرد
5,مُضَافٌ,مفعول,أَضَافَ,مذكر,مفرد
6,مُبَيَّضَةٌ,مفعول,بَيَّضَ,مؤنث,مفرد
7,مُبَانٌ,مفعول,أَبَانَ,مذكر,مفرد
8,مُقَشَّرٌ,مفعول,قَشَّرَ,مذكر,مفرد
9,مُهَبَّلٌ,مفعول,هَبَّلَ,مذكر,مفرد
10,مُعَوَّضٌ,مفعول,عَوَّضَ,مذكر,مفرد
11,مَيْمُونٌ,مفعول,يَمَنَ,مذكر,مفرد
12,مَيَامِينُ,مفعول,يَمَنَ,,جمع
13,مُنْكَبٌّ,مفعول,اِنْكَبَّ,مذكر,مفرد
14,مَنْدُوبٌ,مفعول,نَدَبَ,مذكر,مفرد
15,مَنَادِيبُ,مفعول,نَدَبَ,,جمع
16,مَنْجُورٌ,مفعول,نَجَرَ,مذكر,مفرد
17,مَنْثُورٌ,مفعول,نَثَرَ,مذكر,مفرد
18,مَدْعُوٌّ,مفعول,,مذكر,مفرد
19,مُدْمَى,مفعول,,,مفرد
20,مُدْماةٌ,مفعول,,مؤنث,مفرد
21,مَخْطُوطٌ,مفعول,خَطَّ,مذكر,مفرد
22,مَجْمُوعٌ,مفعول,جَمَعَ,مذكر,مفرد
23,مُلَطَّمٌ,مفعول,,مذكر,مفرد
24,مُكَعَّبٌ,مفعول,كَعَّبَ,مذكر,مفرد
25,مُكَسَّحٌ,مفعول,كَسَّحَ,مذكر,مفرد
26,مُفَلْطَحٌ,مفعول,فَلْطَحَ,مذكر,مفرد
27,مُسْتَعْمَرٌ,مفعول,اِسْتَعْمَرَ,مذكر,مفرد
28,مُعَلَّبٌ,مفعول,عَلَّبَ,مذكر,مفرد
29,مُعْرَبٌ,مفعول,أَعْرَبَ,مذكر,مفرد
30,مَعْتُوهٌ,مفعول,,مذكر,مفرد
31,مَعاتيهُ,مفعول,,,جمع
32,مُطَاعٌ,مفعول,أَطَاعَ,مذكر,مفرد
33,مُطَرَّفٌ,مفعول,,مذكر,مفرد
34,مَضِيفٌ,مفعول,,مذكر,مفرد
35,مَصُونٌ,مفعول,,مذكر,مفرد
36,مَشْوِيٌّ,مفعول,,مذكر,مفرد
37,مُشَوَّكٌ,مفعول,,مذكر,مفرد
38,طُعْمَةٌ,مفعول,,مؤنث,مفرد
39,طُعَمٌ,مفعول,,,جمع
40,ضُحْكَةٌ,مفعول,,مؤنث,مفرد
41,مُضْغَةٌ,مفعول,,مؤنث,مفرد
42,مُضَغٌ,مفعول,,,جمع
43,أُكَلَةٌ,مفعول,,مؤنث,مفرد
44,رِعْيٌ,مفعول,,,مفرد
45,أَرْعاءُ,مفعول,,,جمع
46,ذِبْحٌ,مفعول,,,مفرد
47,مُنْخَفَضٌ,مفعول,,مذكر,مفرد
48,مُجْمَعٌ,مفعول,,مذكر,مفرد
49,مُبَارَكٌ,مفعول,,مذكر,مفرد
50,مَبْرُورٌ,مفعول,,مذكر,مفرد
51,مُؤَهِّلٌ,مفعول,,مذكر,مفرد
52,مُبَاحٌ,مفعول,,مذكر,مفرد
53,مَأْسُوفٌ,مفعول,,مذكر,مفرد
54,مُؤَاتِي,مفعول,,مذكر,مفرد
55,مُؤَبَّدٌ,مفعول,,مذكر,مفرد
56,مَأْمُولٌ,مفعول,,مذكر,مفرد
57,مَيْمُونٌ,مفعول,,مذكر,مفرد
58,مَيَامِينُ,مفعول,,,جمع
59,مَوْضُوعٌ,مفعول,وَضَعَ,مذكر,مفرد
60,مَوَاضِيعُ,مفعول,وَضَعَ,,جمع
61,مَطْمُورٌ,مفعول,طَمَرَ,مذكر,مفرد
62,مَطَامِيرُ,مفعول,طَمَرَ,,جمع
63,مَتْبُوعٌ,مفعول,تَبِعَ,مذكر,مفرد
64,مَتَابِيعُ,مفعول,تَبِعَ,,جمع
65,مَنْكُورٌ,مفعول,نَكَرَ,مذكر,مفرد
66,مَنَاكِيرُ,مفعول,نَكَرَ,,جمع
67,مَسْلُوخٌ,مفعول,سَلَخَ,مذكر,مفرد
68,مساليخ,مفعول,سَلَخَ,,جمع
69,مَغْلُولٌ,مفعول,غَلَّ,مذكر,مفرد
70,مَغَالِيلُ,مفعول,غَلَّ,,جمع
71,مَثْؤُوبٌ,مفعول,تَثَاءَبَ,مذكر,مفرد
72,مُرَبَّعٌ,مفعول,رَبَّعَ,مذكر,مفرد
73,مُعَبَّدٌ,مفعول,عَبَّدَ,مذكر,مفرد
74,مَعْشُوقٌ,مفعول,عَشِقَ,مذكر,مفرد
75,مُبْتَدَعٌ,مفعول,ابتدع,مذكر,مفرد
76,مُبْتَذَلٌ,مفعول,اِبْتَذَلَ,مذكر,مفرد
77,مُبْتَسَرٌ,مفعول,اِبْتَسَرَ,مذكر,مفرد
78,مُبْتَغَى,مفعول,اِبْتَغَى,مذكر,مفرد
79,مُبْتَغاة,مفعول,اِبْتَغَى,مؤنث,مفرد
80,مُبْتَكَرٌ,مفعول,اِبْتَكَرَ,مذكر,مفرد
81,مُبْتَلٌّ,مفعول,اِبْتَلَّ,مذكر,مفرد
82,مُبْتَلَى,مفعول,ابْتَلَى,مذكر,مفرد
83,مُبْتَلاة,مفعول,ابْتَلَى,مؤنث,مفرد
84,مُبْطَلٌ,مفعول,أَبْطَلَ,مذكر,مفرد
85,مُبْعَدٌ,مفعول,أَبْعَدَ,مذكر,مفرد
86,مُبْغَضٌ,مفعول,أَبْغَضَ,مذكر,مفرد
87,مُبْهَمٌ,مفعول,أَبْهَمَ,مذكر,مفرد
88,مُتَاحٌ,مفعول,أَتاحَ,مذكر,مفرد
89,مُتَّبَعٌ,مفعول,اِتَّبَعَ,مذكر,مفرد
90,مُتَّجَهٌ,مفعول,اِتَّجَهَ,مذكر,مفرد
91,مُتْرَبٌ,مفعول,أَتْرَبَ,مذكر,مفرد
92,مُتْرَعٌ,مفعول,أَتْرَعَ,مذكر,مفرد
93,مُتْرَفٌ,مفعول,أَتْرَفَ,مذكر,مفرد
94,مُتَّسَعٌ,مفعول,اِتَّسَع,مذكر,مفرد
95,مُتْعَبٌ,مفعول,أَتْعَبَ,مذكر,مفرد
96,مُتَّفَقٌ,مفعول,اِتَّفَقَ,مذكر,مفرد
97,مُتْقَنٌ,مفعول,أَتْقَنَ,مذكر,مفرد
98,مُتَّكَأٌ,مفعول,اِتَّكَأَ,مذكر,مفرد
99,مُتَّكَأَةٌ,مفعول,اِتَّكَأَ,مؤنث,مفرد
100,مُتَّهَمٌ,مفعول,اِتَّهَمَ,مذكر,مفرد
101,مُثْبَتٌ,مفعول,أَثْبَتَ,مذكر,مفرد
102,مُثْخَنٌ,مفعول,أَثْخَنَ,مذكر,مفرد
103,مُثْقَلٌ,مفعول,أَثْقَلَ,مذكر,مفرد
104,مُجْبَرٌ,مفعول,أَجْبَرَ,مذكر,مفرد
105,مُجْتَثٌّ,مفعول,اِجْتَثَّ,مذكر,مفرد
106,مُجْتَمَعٌ,مفعول,اِجْتَمَعَ,مذكر,مفرد
107,مُؤَجَّرٌ,مفعول,أَجَّرَ,مذكر,مفرد
108,مُؤَجَّلٌ,مفعول,أَجَّلَ,مذكر,مفرد
109,مُجْمَلٌ,مفعول,أَجْمَلَ,مذكر,مفرد
110,مَجْنُونٌ,مفعول,جَنَّ,مذكر,مفرد
111,مَجَانِينُ,مفعول,جَنَّ,,جمع
112,مُجْهَضٌ,مفعول,أَجْهَضَ,مذكر,مفرد
113,مُحَاطٌ,مفعول,أَحَاطَ,مذكر,مفرد
114,مُحْتَرَمٌ,مفعول,اِحْتَرَمَ,مذكر,مفرد
115,مُحْتَسَبٌ,مفعول,اِحْتَسَبَ,مذكر,مفرد
116,مُحْتَضَرٌ,مفعول,اِحْتَضَرَ,مذكر,مفرد
117,مُحْتَفَلٌ,مفعول,اِحْتَفَلَ,مذكر,مفرد
118,مُحْتَقَرٌ,مفعول,اِحْتَقَرَ,مذكر,مفرد
119,مُحْتَكَرٌ,مفعول,اِحْتَكَرَ,مذكر,مفرد
120,مُحْتَلٌّ,مفعول,اِحْتَلَّ,مذكر,مفرد
121,مُحْتَمَلٌ,مفعول,اِحْتَمَلَ,مذكر,مفرد
122,مُحْدَثٌ,مفعول,أَحْدَثَ,مذكر,مفرد
123,مُحْدَوْدَبٌ,مفعول,اِحْدَوْدَبَ,مذكر,مفرد
124,مُحْصَنٌ,مفعول,أَحْصَنَ,مذكر,مفرد
125,مُحْكَمٌ,مفعول,أَحْكَمَ,مذكر,مفرد
126,مُخْتَارٌ,مفعول,اِخْتَارَ,مذكر,مفرد
127,مُخْتَرَعٌ,مفعول,اِخْتَرَعَ,مذكر,مفرد
128,مُخْتَزَلٌ,مفعول,اِخْتَزَلَ,مذكر,مفرد
129,مُخْتَصَرٌ,مفعول,اِخْتَصَرَ,مذكر,مفرد
130,مُخْتَلٌّ,مفعول,اِخْتَلَّ,مذكر,مفرد
131,مُخْتَلَفٌ,مفعول,اِخْتَلَفَ,مذكر,مفرد
132,مُخْتَلَقٌ,مفعول,اِخْتَلَقَ,مذكر,مفرد
133,مُؤَخَّرٌ,مفعول,أَخَّرَ,مذكر,مفرد
134,مُدَانٌ,مفعول,أَدَانَ,مذكر,مفرد
135,مُؤَدَّبٌ,مفعول,أَدَّبَ,مذكر,مفرد
136,مُدَّثَّرٌ,مفعول,اِدَّثَّرَ,مذكر,مفرد
137,مُدْرَجٌ,مفعول,أَدْرَجَ,مذكر,مفرد
138,مُدْرَكٌ,مفعول,أَدْرَكَ,مذكر,مفرد
139,مُدَّعَى,مفعول,اِدَّعَى,مذكر,مفرد
140,مُدَّعاةٌ,مفعول,اِدَّعَى,مؤنث,مفرد
141,مُدْمَجٌ,مفعول,أَدْمَجَ,مذكر,مفرد
142,مُؤَدَّى,مفعول,أَدَّى,مذكر,مفرد
143,مُؤَدّاة,مفعول,أَدَّى,مؤنث,مفرد
144,مُرَادٌ,مفعول,أَرَادَ,مذكر,مفرد
145,مُرْتَجَعٌ,مفعول,اِرْتَجَعَ,مذكر,مفرد
146,مُرْتَجَلٌ,مفعول,اِرْتَجَلَ,مذكر,مفرد
147,مُرْتَحَلٌ,مفعول,اِرْتَحَلَ,مذكر,مفرد
148,مُرْتَفَعٌ,مفعول,اِرْتَفَعَ,مذكر,مفرد
149,مُرْتَقَبٌ,مفعول,اِرْتَقَبَ,مذكر,مفرد
150,مُرْتَقَعٌ,مفعول,اِرْتَقَعَ,مذكر,مفرد
151,مُرْتَقَى,مفعول,اِرْتَقَى,مذكر,مفرد
152,مُرْتَقاة,مفعول,اِرْتَقَى,مؤنث,مفرد
153,مُرْتَكَبٌ,مفعول,اِرْتَكَبَ,مذكر,مفرد
154,مُرْتَكَزٌ,مفعول,اِرْتَكَزَ,مذكر,مفرد
155,مُرْتَهَنٌ,مفعول,اِرْتَهَنَ,مذكر,مفرد
156,مُرْسَلٌ,مفعول,أَرْسَلَ,مذكر,مفرد
157,مَرَاسِيلُ,مفعول,أَرْسَلَ,,جمع
158,مُرْغَمٌ,مفعول,أَرْغَمَ,مذكر,مفرد
159,مُرْفَقٌ,مفعول,أَرْفَقَ,مذكر,مفرد
160,مُؤَرَّقٌ,مفعول,أَرَّقَ,مذكر,مفرد
161,مُرْهَفٌ,مفعول,أَرْهَفَ,مذكر,مفرد
162,مُرْهَقٌ,مفعول,أَرْهَقَ,مذكر,مفرد
163,مُزَاحٌ,مفعول,أَزَاحَ,مذكر,مفرد
164,مُزْدَحَمٌ,مفعول,اِزْدَحَمَ,مذكر,مفرد
165,مُزْمَعٌ,مفعول,أَزْمَعَ,مذكر,مفرد
166,مُسْبَعٌ,مفعول,أَسَبَعَ,مذكر,مفرد
167,مُسْتَأْنَفٌ,مفعول,اِسْتَأْنَفَ,مذكر,مفرد
168,مُسْتَبَاحٌ,مفعول,اِسْتَبَاحَ,مذكر,مفرد
169,مُسْتَبْعَدٌ,مفعول,اِسْتَبْعَدَ,مذكر,مفرد
170,مُسْتَثْنَى,مفعول,اِسْتَثْنَى,مذكر,مفرد
171,مُسْتَثْناة,مفعول,اِسْتَثْنَى,مؤنث,مفرد
172,مُسْتَجَابٌ,مفعول,اِسْتَجَابَ,مذكر,مفرد
173,مُسْتَجَدٌّ,مفعول,اِسْتَجَدَّ,مذكر,مفرد
174,مُسْتَجْوَبٌ,مفعول,اِسْتَجْوَبَ,مذكر,مفرد
175,مُسْتَحَبٌّ,مفعول,اِسْتَحَبَّ,مذكر,مفرد
176,مُسْتَحْدَثٌ,مفعول,اِسْتَحْدَثَ,مذكر,مفرد
177,مُسْتَحْسَنٌ,مفعول,اِسْتَحْسَنَ,مذكر,مفرد
178,مُسْتَحْضَرٌ,مفعول,اِسْتَحْضَرَ,مذكر,مفرد
179,مُسْتَحَقٌّ,مفعول,اِسْتَحَقَّ,مذكر,مفرد
180,مُسْتَحْكَمٌ,مفعول,اِسْتَحْكَمَ,مذكر,مفرد
181,مُسْتَحْلَبٌ,مفعول,اِسْتَحْلَبَ,مذكر,مفرد
182,مُسْتَحَمٌّ,مفعول,اِسْتَحَمَّ,مذكر,مفرد
183,مُسْتَخْدَمٌ,مفعول,اِسْتَخْدَمَ,مذكر,مفرد
184,مُسْتَخْرَجٌ,مفعول,اِسْتَخْرَجَ,مذكر,مفرد
185,مُسْتَخْلَصٌ,مفعول,اِسْتَخْلَصَ,مذكر,مفرد
186,مُسْتَدَارٌ,مفعول,اِسْتَدَارَ,مذكر,مفرد
187,مُسْتَدَقٌّ,مفعول,اِسْتَدَقَّ,مذكر,مفرد
188,مُسْتَدَلٌّ,مفعول,اِسْتَدَلَّ,مذكر,مفرد
189,مُسْتَرَقٌّ,مفعول,اِسْتَرَقَّ,مذكر,مفرد
190,مُسْتَسَاغٌ,مفعول,اِسْتَسَاغَ,مذكر,مفرد
191,مُسْتَشَارٌ,مفعول,اِسْتَشَارَ,مذكر,مفرد
192,مُسْتَشْفَى,مفعول,اِسْتَشْفَى,مذكر,مفرد
193,مُسْتَشْفاة,مفعول,اِسْتَشْفَى,مؤنث,مفرد
194,مُسْتَطَاعٌ,مفعول,اِسْتَطَاعَ,مذكر,مفرد
195,مُسْتَعَارٌ,مفعول,اِسْتَعَارَ,مذكر,مفرد
196,مُسْتَعَانٌ,مفعول,اِسْتَعَانَ,مذكر,مفرد
197,مُسْتَعْبَدٌ,مفعول,اِسْتَعْبَدَ,مذكر,مفرد
198,مُسْتَعْجَلٌ,مفعول,اِسْتَعْجَلَ,مذكر,مفرد
199,مُسْتَعْجَمٌ,مفعول,اِسْتَعْجَمَ,مذكر,مفرد
200,مُسْتَعْمَرٌ,مفعول,اِسْتَعْمَرَ,مذكر,مفرد
201,مُسْتَعْمَلٌ,مفعول,اِسْتَعْمَلَ,مذكر,مفرد
202,مُسْتَغَلٌّ,مفعول,اِسْتَغَلَّ,مذكر,مفرد
203,مُسْتَقْبَلٌ,مفعول,اِسْتَقْبَلَ,مذكر,مفرد
204,مُسْتَقَرٌّ,مفعول,اِسْتَقَرَّ,مذكر,مفرد
205,مُسْتَكْشَفٌ,مفعول,اِسْتَكْشَفَ,مذكر,مفرد
206,مُسْتَلَبٌ,مفعول,اِسْتَلَبَ,مذكر,مفرد
207,مُسْتَلْزَمٌ,مفعول,اِسْتَلْزَمَ,مذكر,مفرد
208,مُسْتَمَدٌّ,مفعول,اِسْتَمَدَّ,مذكر,مفرد
209,مُسْتَمْطَرٌ,مفعول,اِسْتَمْطَرَ,مذكر,مفرد
210,مُسْتَمْلَحٌ,مفعول,اِسْتَمْلَحَ,مذكر,مفرد
211,مُسْتَنْبَتٌ,مفعول,اِسْتَنْبَتَ,مذكر,مفرد
212,مُسْتَنْجَعٌ,مفعول,اِسْتَنْجَعَ,مذكر,مفرد
213,مُسْتَنَدٌ,مفعول,اِسْتَنَدَ,مذكر,مفرد
214,مُسْتَنْزَفٌ,مفعول,اِسْتَنْزَفَ,مذكر,مفرد
215,مُسْتَنْسَخٌ,مفعول,اِسْتَنْسَخَ,مذكر,مفرد
216,مُسْتَنْشَقٌ,مفعول,اِسْتَنْشَقَ,مذكر,مفرد
217,مُسْتَنْفَرٌ,مفعول,اِسْتَنْفَرَ,مذكر,مفرد
218,مُسْتَنْقَعٌ,مفعول,اِسْتَنْقَعَ,مذكر,مفرد
219,مُسْتَنْكَرٌ,مفعول,اِسْتَنْكَرَ,مذكر,مفرد
220,مُسْتَهْجَنٌ,مفعول,اِسْتَهْجَنَ,مذكر,مفرد
221,مُسْتَهَلٌّ,مفعول,اِسْتَهَلَّ,مذكر,مفرد
222,مُسْتَهْلَكٌ,مفعول,اِسْتَهْلَكَ,مذكر,مفرد
223,مُسْتَوْدَعٌ,مفعول,اِسْتَوْدَعَ,مذكر,مفرد
224,مُسْتَوْرَدٌ,مفعول,اِسْتَوْرَدَ,مذكر,مفرد
225,مُسْتَوْصَفٌ,مفعول,اِسْتَوْصَفَ,مذكر,مفرد
226,مُسْتَوْلَى,مفعول,اِسْتَوْلَى,مذكر,مفرد
227,مُسْتَوْلاة,مفعول,اِسْتَوْلَى,مؤنث,مفرد
228,مُسْتَوَى,مفعول,اِسْتَوَى,مذكر,مفرد
229,مُسْتَواة,مفعول,اِسْتَوَى,مؤنث,مفرد
230,مُسْدَلٌ,مفعول,أَسْدَلَ,مذكر,مفرد
231,مَسْعُودٌ,مفعول,سَعَدَ,مذكر,مفرد
232,مُسْعَفٌ,مفعول,أَسْعَفَ,مذكر,مفرد
233,مُسْهَبٌ,مفعول,أسْهَبَ,مذكر,مفرد
234,مُشْبَعٌ,مفعول,أَشْبَعَ,مذكر,مفرد
235,مُشْتَبَهٌ,مفعول,اِشْتَبَهَ,مذكر,مفرد
236,مُشْتَرَكٌ,مفعول,اِشْتَرَكَ,مذكر,مفرد
237,مُشْتَقٌّ,مفعول,اِشْتَقَّ,مذكر,مفرد
238,مُشْتَكَى,مفعول,اِشْتَكَى,مذكر,مفرد
239,مُشْتَكاة,مفعول,اِشْتَكَى,مؤنث,مفرد
240,مُشْتَهَى,مفعول,اِشْتَهَى,مذكر,مفرد
241,مُشْتَهاة,مفعول,اِشْتَهَى,مؤنث,مفرد
242,مُصَابٌ,مفعول,أصابَ,مذكر,مفرد
243,مُصْطَفَى,مفعول,اِصْطَفَى,مذكر,مفرد
244,مُصْطَفاة,مفعول,اِصْطَفَى,مؤنث,مفرد
245,مُصْطَلَحٌ,مفعول,اِصْطَلَحَ,مذكر,مفرد
246,مُضْطَرٌّ,مفعول,اِضْطَرَّ,مذكر,مفرد
247,مُضْطَهَدٌ,مفعول,اِضْطَهَدَ,مذكر,مفرد
248,مُضْمَرٌ,مفعول,أَضْمَرَ,مذكر,مفرد
249,مُضْنَى,مفعول,أَضْنَى,مذكر,مفرد
250,مُضْناة,مفعول,أَضْنَى,مؤنث,مفرد
251,مُطْفَأٌ,مفعول,أَطْفَأَ,مذكر,مفرد
252,مُطْفَأَةٌ,مفعول,أَطْفَأَ,مؤنث,مفرد
253,مُطْلَقٌ,مفعول,أَطْلَقَ,مذكر,مفرد
254,مُعَارٌ,مفعول,أَعَارَ,مذكر,مفرد
255,مُعَاقٌ,مفعول,أَعَاقَ,مذكر,مفرد
256,مُعْتَبَرٌ,مفعول,اِعْتَبَرَ,مذكر,مفرد
257,مُعْتَرَفٌ,مفعول,اِعْتَرَفَ,مذكر,مفرد
258,مُعْتَرَكٌ,مفعول,اِعْتَرَكَ,مذكر,مفرد
259,مُعْتَصَمٌ,مفعول,اِعْتَصَمَ,مذكر,مفرد
260,مُعْتَقٌ,مفعول,أَعْتَقَ,مذكر,مفرد
261,مُعْتَقَدٌ,مفعول,اِعْتَقَدَ,مذكر,مفرد
262,مُعْتَقَلٌ,مفعول,اِعْتَقَلَ,مذكر,مفرد
263,مُعْتَلٌّ,مفعول,اِعْتَلَّ,مذكر,مفرد
264,مُعْتَمَدٌ,مفعول,اِعْتَمَدَ,مذكر,مفرد
265,مُعْجَبٌ,مفعول,أَعْجَبَ,مذكر,مفرد
266,مُعَدٌّ,مفعول,أَعَدَّ,مذكر,مفرد
267,مُعْطَى,مفعول,أَعْطَى,مذكر,مفرد
268,مُعْطاة,مفعول,أَعْطَى,مؤنث,مفرد
269,مُعْفَى,مفعول,أَعْفَى,مذكر,مفرد
270,مُعْفاة,مفعول,أَعْفَى,مؤنث,مفرد
271,مُعْلَنٌ,مفعول,أَعْلَنَ,مذكر,مفرد
272,مُغْتَالٌ,مفعول,اِغْتَالَ,مذكر,مفرد
273,مُغْتَصَبٌ,مفعول,اِغْتَصَبَ,مذكر,مفرد
274,مُغْرَمٌ,مفعول,أَغْرَمَ,مذكر,مفرد
275,مُغْفَلٌ,مفعول,أَغْفَلَ,مذكر,مفرد
276,مُغْلَقٌ,مفعول,أَغْلَقَ,مذكر,مفرد
277,مُغْمَدٌ,مفعول,أَغْمَدَ,مذكر,مفرد
278,مُغْمَى,مفعول,أُغْمِيَ,مذكر,مفرد
279,مُغْماةٌ,مفعول,أُغْمِيَ,مؤنث,مفرد
280,مُفْتَرَضٌ,مفعول,اِفْتَرَضَ,مذكر,مفرد
281,مُفْتَرَقٌ,مفعول,اِفْتَرَقَ,مذكر,مفرد
282,مُفْتَعَلٌ,مفعول,اِفْتَعَلَ,مذكر,مفرد
283,مُفْحَمٌ,مفعول,أَفْحَمَ,مذكر,مفرد
284,مُفْرَدٌ,مفعول,أَفْرَدَ,مذكر,مفرد
285,مُفْرَغٌ,مفعول,أَفْرَغَ,مذكر,مفرد
286,مُفْعَمٌ,مفعول,أَفْعَمَ,مذكر,مفرد
287,مُقْتَبَسٌ,مفعول,اِقْتَبَسَ,مذكر,مفرد
288,مُقْتَحَمٌ,مفعول,اِقْتَحَمَ,مذكر,مفرد
289,مُقْتَرَحٌ,مفعول,اِقْتَرَحَ,مذكر,مفرد
290,مُقْتَرَضٌ,مفعول,اِقْتَرَضَ,مذكر,مفرد
291,مُقْتَضَبٌ,مفعول,اِقْتَضَبَ,مذكر,مفرد
292,مُقْتَضَى,مفعول,اِقْتَضَى,مذكر,مفرد
293,مُقْتَضاةٌ,مفعول,اِقْتَضَى,مؤنث,مفرد
294,مُقْتَطَعٌ,مفعول,اِقْتَطَعَ,مذكر,مفرد
295,مُقْتَطَفٌ,مفعول,اِقْتَطَفَ,مذكر,مفرد
296,مُقْتَلَعٌ,مفعول,اِقْتَلَعَ,مذكر,مفرد
297,مُقْعَدٌ,مفعول,أَقْعَدَ,مذكر,مفرد
298,مُقْفَلٌ,مفعول,أَقْفَلَ,مذكر,مفرد
299,مُكْتَسَبٌ,مفعول,اِكْتَسَبَ,مذكر,مفرد
300,مُكْتَسَحٌ,مفعول,اِكْتَسَحَ,مذكر,مفرد
301,مُكْتَظٌّ,مفعول,اِكْتَظَّ,مذكر,مفرد
302,مُكْتَنَفٌ,مفعول,اِكْتَنَفَ,مذكر,مفرد
303,مُؤَكَّدٌ,مفعول,أَكَّدَ,مذكر,مفرد
304,مُكْرَهٌ,مفعول,أَكْرَهَ,مذكر,مفرد
305,مَأْكُولٌ,مفعول,أَكَلَ,مذكر,مفرد
306,مَآكِيلُ,مفعول,أَكَلَ,,جمع
307,مُلْتَاعٌ,مفعول,اِلْتَاعَ,مذكر,مفرد
308,مُلْتَفٌّ,مفعول,اِلْتَفَّ,مذكر,مفرد
309,مُلْجَمٌ,مفعول,أَلْجَمَ,مذكر,مفرد
310,مُلْحَقٌ,مفعول,أَلْحَقَ,مذكر,مفرد
311,مَلَاحِقُ,مفعول,أَلْحَقَ,,جمع
312,مُلْزَمٌ,مفعول,أَلْزَمَ,مذكر,مفرد
313,مُلْصَقٌ,مفعول,أَلْصَقَ,مذكر,مفرد
314,مُلْغَزٌ,مفعول,أَلْغَزَ,مذكر,مفرد
315,مُلْغَى,مفعول,أَلْغَى,مذكر,مفرد
316,مُلْغاة,مفعول,أَلْغَى,مؤنث,مفرد
317,مُؤَلَّفٌ,مفعول,أَلَّفَ,مذكر,مفرد
318,مَأْلُوفٌ,مفعول,أَلِفَ,مذكر,مفرد
319,مُلْقَى,مفعول,أَلْقَى,مذكر,مفرد
320,مُلْقاة,مفعول,أَلْقَى,مؤنث,مفرد
321,مُلْهَمٌ,مفعول,أَلْهَمَ,مذكر,مفرد
322,مُمْتَحَنٌ,مفعول,اِمْتَحَنَ,مذكر,مفرد
323,مُمْتَلَكٌ,مفعول,اِمْتَلَكَ,مذكر,مفرد
324,مُمْتَهَنٌ,مفعول,اِمْتَهَنَ,مذكر,مفرد
325,مَأْمُورٌ,مفعول,أمَرَ,مذكر,مفرد
326,مُؤَمَّلٌ,مفعول,أَمَّلَ,مذكر,مفرد
327,مُؤَمَّمٌ,مفعول,أَمَّمَ,مذكر,مفرد
328,مُؤَمَّنٌ,مفعول,أَمَّنَ,مذكر,مفرد
329,مَأْمُونٌ,مفعول,أَمِنَ,مذكر,مفرد
330,مُنْتَجَعٌ,مفعول,اِنْتَجَعَ,مذكر,مفرد
331,مُنْتَحَلٌ,مفعول,اِنْتَحَلَ,مذكر,مفرد
332,مُنْتَخَبٌ,مفعول,اِنْتَخَبَ,مذكر,مفرد
333,مُنْتَدَبٌ,مفعول,اِنْتَدَبَ,مذكر,مفرد
334,مُنْتَصَفٌ,مفعول,اِنْتَصَفَ,مذكر,مفرد
335,مُنْتَقَدٌ,مفعول,اِنْتَقَدَ,مذكر,مفرد
336,مُنْتَقَى,مفعول,اِنْتَقَى,مذكر,مفرد
337,مُنْتَقاة,مفعول,اِنْتَقَى,مؤنث,مفرد
338,مُنْتَهَكٌ,مفعول,اِنْتَهَكَ,مذكر,مفرد
339,مُنْتَهَى,مفعول,اِنْتَهَى,مذكر,مفرد
340,مُنْتَهاة,مفعول,اِنْتَهَى,مؤنث,مفرد
341,مُؤَنَّثٌ,مفعول,أَنَّثَ,مذكر,مفرد
342,مُنْجَزٌ,مفعول,أَنْجَزَ,مذكر,مفرد
343,مُنْحَدَرٌ,مفعول,اِنْحَدَرَ,مذكر,مفرد
344,مُنْزَلٌ,مفعول,أَنْزَلَ,مذكر,مفرد
345,مُنْسَابٌ,مفعول,اِنْسابَ,مذكر,مفرد
346,مُنْسَلَخٌ,مفعول,اِنْسَلَخَ,مذكر,مفرد
347,مُنْشَأٌ,مفعول,أَنْشَأَ,مذكر,مفرد
348,مُنْشَأَةٌ,مفعول,أَنْشَأَ,مؤنث,مفرد
349,مُنْصَرَفٌ,مفعول,اِنْصَرَفَ,مذكر,مفرد
350,مُنْضَمٌّ,مفعول,اِنْضَمَّ,مذكر,مفرد
351,مُنْطَلَقٌ,مفعول,اِنْطَلَقَ,مذكر,مفرد
352,مُنْعَرَجٌ,مفعول,اِنْعَرَجَ,مذكر,مفرد
353,مُنْعَطَفٌ,مفعول,اِنْعَطَفَ,مذكر,مفرد
354,مُنْعَكَسٌ,مفعول,اِنْعَكَسَ,مذكر,مفرد
355,مُنْقَعٌ,مفعول,أَنْقَعَ,مذكر,مفرد
356,مُنْقَلَبٌ,مفعول,اِنْقَلَبَ,مذكر,مفرد
357,مُنْكَرٌ,مفعول,أَنْكَرَ,مذكر,مفرد
358,مُنْهَكٌ,مفعول,أَنْهَكَ,مذكر,مفرد
359,مُهَانٌ,مفعول,أَهَانَ,مذكر,مفرد
360,مُهْرَقٌ,مفعول,أَهْرَقَ,مذكر,مفرد
361,مَهَارِقُ,مفعول,أَهْرَقَ,,جمع
362,مُؤَهَّلٌ,مفعول,أَهَّلَ,مذكر,مفرد
363,مَأْهُولٌ,مفعول,أَهِلَ,مذكر,مفرد
364,مُهْمَلٌ,مفعول,أَهْمَلَ,مذكر,مفرد
365,مُوثَقٌ,مفعول,أَوْثَقَ,مذكر,مفرد
366,مُوجَبٌ,مفعول,أَوْجَبَ,مذكر,مفرد
367,مُوجَزٌ,مفعول,أَوْجَزَ,مذكر,مفرد
368,مَوَاجِزُ,مفعول,أَوْجَزَ,,جمع
369,مُوحَى,مفعول,أَوْحَى,مذكر,مفرد
370,مُوحاة,مفعول,أَوْحَى,مؤنث,مفرد
371,مُودَعٌ,مفعول,أَوْدَعَ,مذكر,مفرد
372,مُوصَى,مفعول,أَوْصَى,مذكر,مفرد
373,مُوصاة,مفعول,أَوْصَى,مؤنث,مفرد
374,مُوفَدٌ,مفعول,أَوْفَدَ,مذكر,مفرد
375,مُولَعٌ,مفعول,أَوْلَعَ,مذكر,مفرد
376,مُومَأٌ,مفعول,أَوْمَأَ,مذكر,مفرد
377,مُومَأَةٌ,مفعول,أَوْمَأَ,مؤنث,مفرد
378,مُوهَنٌ,مفعول,أَوْهَنَ,مذكر,مفرد
379,مُؤْتَمَنٌ,مفعول,اِئْتَمَنَ,مذكر,مفرد
380,مُؤَيَّدٌ,مفعول,أَيَّدَ,مذكر,مفرد
381,مَبِيعٌ,مفعول,بَاعَ,مذكر,مفرد
382,مَبْتُورٌ,مفعول,بَتَرَ,مذكر,مفرد
383,مَبْثُورٌ,مفعول,بَثَرَ,مذكر,مفرد
384,مُبَجَّلٌ,مفعول,بجّل,مذكر,مفرد
385,مَبْحُوحٌ,مفعول,بَحَّ,مذكر,مفرد
386,مُتَبَخَّرٌ,مفعول,تبخّر,مذكر,مفرد
387,مُبَرَّدٌ,مفعول,بَرَّدَ,مذكر,مفرد
388,مُبْرَدٌ,مفعول,أبرد,مذكر,مفرد
389,مُبَرَّرٌ,مفعول,بَرَّرَ,مذكر,مفرد
390,مُبَرَّزٌ,مفعول,بَرَّزَ,مذكر,مفرد
391,مُبَرْعَمٌ,مفعول,برعم,مذكر,مفرد
392,مُبَرْقَشٌ,مفعول,برقش,مذكر,مفرد
393,مُبْرَمٌ,مفعول,أبْرَمَ,مذكر,مفرد
394,مَبْرُومٌ,مفعول,بَرَمَ,مذكر,مفرد
395,مُبَرْمَجٌ,مفعول,بَرْمَجَ,مذكر,مفرد
396,مُبَرْهَنٌ,مفعول,بَرْهَنَ,مذكر,مفرد
397,مَبْرِيٌّ,مفعول,بَرَى,مذكر,مفرد
398,مُبَسَّطٌ,مفعول,بَسَّطَ,مذكر,مفرد
399,مَبْسُوطٌ,مفعول,بَسَطَ,مذكر,مفرد
400,مَبْشُورٌ,مفعول,بَشَرَ,مذكر,مفرد
401,مُبَطَّنٌ,مفعول,بَطَّنَ,مذكر,مفرد
402,مَبْعُوثٌ,مفعول,بَعَثَ,مذكر,مفرد
403,مُبَعْثَرٌ,مفعول,بَعْثَرَ,مذكر,مفرد
404,مَبْغَى,مفعول,بَغَى,مذكر,مفرد
405,مَبْغاة,مفعول,بَغَى,مؤنث,مفرد
406,مَبَاغِي,مفعول,بَغَى,,جمع
407,مُبَلَّطٌ,مفعول,بَلَّطَ,مذكر,مفرد
408,مُبَلَّغٌ,مفعول,بَلَّغَ,مذكر,مفرد
409,مُبَلَّلٌ,مفعول,بَلَّلَ,مذكر,مفرد
410,مُبَنَّجٌ,مفعول,بَنَّجَ,مذكر,مفرد
411,مَبْنِيٌّ,مفعول,بَنَى,مذكر,مفرد
412,مَبْهُورٌ,مفعول,بَهَرَ,مذكر,مفرد
413,مُبَيَّنٌ,مفعول,بَيَّنَ,مذكر,مفرد
414,مُتَابَعٌ,مفعول,تَابَعَ,مذكر,مفرد
415,مُتَبَادَلٌ,مفعول,تَبَادَلَ,مذكر,مفرد
416,مُتَبَرْعَمٌ,مفعول,تبرعم,مذكر,مفرد
417,مُتَبَّلٌ,مفعول,تَبَّلَ,مذكر,مفرد
418,مُتَبَنَّى,مفعول,تَبَنَّى,مذكر,مفرد
419,مُتَبَنّاة,مفعول,تَبَنَّى,مؤنث,مفرد
420,مُتَجَاوَزٌ,مفعول,تَجَاوَزَ,مذكر,مفرد
421,مُتَدَاوَلٌ,مفعول,تَدَاوَلَ,مذكر,مفرد
422,مَتْرُوكٌ,مفعول,تَرَكَ,مذكر,مفرد
423,مُتَعَارَفٌ,مفعول,تَعَارَفَ,مذكر,مفرد
424,مُتَعَبَّدٌ,مفعول,تَعَبَّدَ,مذكر,مفرد
425,مَتْعُوسٌ,مفعول,تَعِسَ,مذكر,مفرد
426,مَتَاعِيسُ,مفعول,تَعِسَ,,جمع
427,مُتَكَلَّمٌ,مفعول,تَكَلَّمَ,مذكر,مفرد
428,مُتَنَاوَلٌ,مفعول,تَنَاوَلَ,مذكر,مفرد
429,مُتَنَزَّهٌ,مفعول,تَنَزَّهَ,مذكر,مفرد
430,مُتَنَصَّحٌ,مفعول,تَنَصَّحَ,مذكر,مفرد
431,مُتَنَفَّسٌ,مفعول,تَنَفَّسَ,مذكر,مفرد
432,مُتَوَفَّى,مفعول,تَوَفَّى,مذكر,مفرد
433,مُتَوَفّاة,مفعول,تَوَفَّى,مؤنث,مفرد
434,مُتَوَقَّعٌ,مفعول,تَوَقَّعَ,مذكر,مفرد
435,مُتَيَّمٌ,مفعول,تَيَّمَ,مذكر,مفرد
436,مُثَبَّتٌ,مفعول,ثَبَّتَ,مذكر,مفرد
437,مَثْرُودٌ,مفعول,ثَردَ,مذكر,مفرد
438,مُثَقَّفٌ,مفعول,ثَقَّفَ,مذكر,مفرد
439,مُثَلَّثٌ,مفعول,ثَلَّثَ,مذكر,مفرد
440,مُثَلَّجٌ,مفعول,ثَلَّجَ,مذكر,مفرد
441,مُثَمَّنٌ,مفعول,ثَمَّنَ,مذكر,مفرد
442,مُثَنَّى,مفعول,ثَنَّى,مذكر,مفرد
443,مُثَناة,مفعول,ثَنَى,مؤنث,مفرد
444,مُجَبَّرٌ,مفعول,جَبَّرَ,مذكر,مفرد
445,مَجْبُورٌ,مفعول,جَبَرَ,مذكر,مفرد
446,مَجْبُولٌ,مفعول,جَبَلَ,مذكر,مفرد
447,مُجَدَّدٌ,مفعول,جَدَّدَ,مذكر,مفرد
448,مُجَدَّرٌ,مفعول,جَدَّرَ,مذكر,مفرد
449,مَجْدُورٌ,مفعول,جَدُرَ,مذكر,مفرد
450,مَجْدُولٌ,مفعول,جَدَلَ,مذكر,مفرد
451,مَجْذُوبٌ,مفعول,جَذَبَ,مذكر,مفرد
452,مَجَاذِيبُ,مفعول,جَذَبَ,,جمع
453,مَجْذُورٌ,مفعول,جَذَرَ,مذكر,مفرد
454,مَجْذُومٌ,مفعول,جَذَمَ,مذكر,مفرد
455,مَجْرُورٌ,مفعول,جَرَّ,مذكر,مفرد
456,مُجَرَّبٌ,مفعول,جَرَّبَ,مذكر,مفرد
457,مَجْرُوحٌ,مفعول,جَرَحَ,مذكر,مفرد
458,مَجَارِيحُ,مفعول,جَرَحَ,,جمع
459,مُجَرَّدٌ,مفعول,جَرَّدَ,مذكر,مفرد
460,مُجَزَّأٌ,مفعول,جَزَّأَ,مذكر,مفرد
461,مُجَزَّأَةٌ,مفعول,جَزَّأَ,مؤنث,مفرد
462,مُجَسَّدٌ,مفعول,جَسَّدَ,مذكر,مفرد
463,مُجَسَّمٌ,مفعول,جَسَّمَ,مذكر,مفرد
464,مُجَعَّدٌ,مفعول,جَعَّدَ,مذكر,مفرد
465,مُجَفَّفٌ,مفعول,جَفَّفَ,مذكر,مفرد
466,مُجَلْجَلٌ,مفعول,جَلْجَلَ,مذكر,مفرد
467,مُجَلَّدٌ,مفعول,جَلَّدَ,مذكر,مفرد
468,مُجَمَّدٌ,مفعول,جَمَّدَ,مذكر,مفرد
469,مُجَمَّرٌ,مفعول,جَمَّرَ,مذكر,مفرد
470,مُجَمَّعٌ,مفعول,جَمَّعَ,مذكر,مفرد
471,مُجَنَّحٌ,مفعول,جَنَّحَ,مذكر,مفرد
472,مَجْنِيٌّ,مفعول,جَنَى,مذكر,مفرد
473,مَجْهُودٌ,مفعول,جَهَدَ,مذكر,مفرد
474,مُجَهَّزٌ,مفعول,جَهَّزَ,مذكر,مفرد
475,مَجْهُولٌ,مفعول,جَهِلَ,مذكر,مفرد
476,مَجَاهِيلُ,مفعول,جَهِلَ,,جمع
477,مُجَوَّفٌ,مفعول,جَوَّفَ,مذكر,مفرد
478,مُجَيَّرٌ,مفعول,جَيَّرَ,مذكر,مفرد
479,مُحَاصَرٌ,مفعول,حَاصَرَ,مذكر,مفرد
480,مَحْبُوبٌ,مفعول,حَبَّ,مذكر,مفرد
481,مُحَبَّبٌ,مفعول,حَبَّبَ,مذكر,مفرد
482,مُحَبَّرٌ,مفعول,حَبَّرَ,مذكر,مفرد
483,مَحْبُوسٌ,مفعول,حَبَسَ,مذكر,مفرد
484,مَحْبُوكٌ,مفعول,حَبَكَ,مذكر,مفرد
485,مَحْتُومٌ,مفعول,حَتَمَ,مذكر,مفرد
486,مُحَجَّبٌ,مفعول,حَجَّبَ,مذكر,مفرد
487,مَحْجُوبٌ,مفعول,حَجَبَ,مذكر,مفرد
488,مَحْجُورٌ,مفعول,حَجَرَ,مذكر,مفرد
489,مَحْجُوزٌ,مفعول,حَجَزَ,مذكر,مفرد
490,مُحَجَّلٌ,مفعول,حَجَّلَ,مذكر,مفرد
491,مَحْدُودٌ,مفعول,حَدَّ,مذكر,مفرد
492,مُحَدَّبٌ,مفعول,حَدَّبَ,مذكر,مفرد
493,مُحَدَّدٌ,مفعول,حَدَّدَ,مذكر,مفرد
494,مَحْذُوفٌ,مفعول,حَذَفَ,مذكر,مفرد
495,مَحْرُورٌ,مفعول,حَرَّ,مذكر,مفرد
496,مُحَرَّرٌ,مفعول,حَرَّرَ,مذكر,مفرد
497,مَحْرُوسٌ,مفعول,حَرَسَ,مذكر,مفرد
498,مَحْرُوقٌ,مفعول,حَرَقَ,مذكر,مفرد
499,مُحَرَّمٌ,مفعول,حَرَّمَ,مذكر,مفرد
500,مَحْرُومٌ,مفعول,حَرَمَ,مذكر,مفرد
501,مَحْزُونٌ,مفعول,حَزَنَ,مذكر,مفرد
502,مَحْسُوسٌ,مفعول,حَسَّ,مذكر,مفرد
503,مَحْسُوبٌ,مفعول,حَسَبَ,مذكر,مفرد
504,مَحَاسِيبُ,مفعول,حَسَبَ,,جمع
505,مَحْسُودٌ,مفعول,حَسَدَ,مذكر,مفرد
506,مَحْسُومٌ,مفعول,حَسَمَ,مذكر,مفرد
507,مُحَشَّى,مفعول,حَشَّى,مذكر,مفرد
508,مُحَشّاة,مفعول,حَشَّى,مؤنث,مفرد
509,مَحْصُورٌ,مفعول,حَصَرَ,مذكر,مفرد
510,مَحْصُولٌ,مفعول,حَصَلَ,مذكر,مفرد
511,مَحَاصِيلُ,مفعول,حَصَلَ,,جمع
512,مُحَصَّنٌ,مفعول,حَصَّنَ,مذكر,مفرد
513,مُحَطَّمٌ,مفعول,حَطَّمَ,مذكر,مفرد
514,مَحْظُوظٌ,مفعول,حَظَّ,مذكر,مفرد
515,مَحْظُورٌ,مفعول,حَظَرَ,مذكر,مفرد
516,مَحْفُوفٌ,مفعول,حَفَّ,مذكر,مفرد
517,مَحْفُورٌ,مفعول,حَفَرَ,مذكر,مفرد
518,مَحْفُوظٌ,مفعول,حَفِظَ,مذكر,مفرد
519,مُحَقَّقٌ,مفعول,حَقَّقَ,مذكر,مفرد
520,مُحَكَّمٌ,مفعول,حَكَّمَ,مذكر,مفرد
521,مَحْكُومٌ,مفعول,حَكَمَ,مذكر,مفرد
522,مَحْلُولٌ,مفعول,حَلَّ,مذكر,مفرد
523,مَحَاليلُ,مفعول,حَلَّ,,جمع
524,مَحْلُوجٌ,مفعول,حَلَجَ,مذكر,مفرد
525,مُحَلَّفٌ,مفعول,حَلَّفَ,مذكر,مفرد
526,مَحْمُومٌ,مفعول,حَمَّ,مذكر,مفرد
527,مُحَمَّدٌ,مفعول,حَمَّدَ,مذكر,مفرد
528,مَحْمُودٌ,مفعول,حَمِدَ,مذكر,مفرد
529,مَحْمُولٌ,مفعول,حَمَلَ,مذكر,مفرد
530,مَحْمِيٌّ,مفعول,حَمَى,مذكر,مفرد
531,مُحَنَّكٌ,مفعول,حَنَّكَ,مذكر,مفرد
532,مُحَيَّرٌ,مفعول,حَيَّرَ,مذكر,مفرد
533,مُخَاطَبٌ,مفعول,خَاطَبَ,مذكر,مفرد
534,مَخُوفٌ,مفعول,خَافَ,مذكر,مفرد
535,مَخْبُوءٌ,مفعول,خَبَأَ,مذكر,مفرد
536,مَخْبُوءَةٌ,مفعول,خَبَأَ,مؤنث,مفرد
537,مَخْبُولٌ,مفعول,خَبَلَ,مذكر,مفرد
538,مَخَابِيلُ,مفعول,خَبَلَ,,جمع
539,مَخْتُومٌ,مفعول,خَتَمَ,مذكر,مفرد
540,مَخْتُونٌ,مفعول,خَتَنَ,مذكر,مفرد
541,مُخَدَّرٌ,مفعول,خَدَّرَ,مذكر,مفرد
542,مَخْدُوعٌ,مفعول,خَدَعَ,مذكر,مفرد
543,مَخْدُومٌ,مفعول,خَدَمَ,مذكر,مفرد
544,مَخْذُولٌ,مفعول,خَذَلَ,مذكر,مفرد
545,مَخَاذِيلُ,مفعول,خَذَلَ,,جمع
546,مُخَرَّبٌ,مفعول,خَرَّبَ,مذكر,مفرد
547,مَخْرُوطٌ,مفعول,خَرَطَ,مذكر,مفرد
548,مَخْرُوقٌ,مفعول,خَرَقَ,مذكر,مفرد
549,مَخْزُونٌ,مفعول,خَزَنَ,مذكر,مفرد
550,مَخْصُوصٌ,مفعول,خَصَّ,مذكر,مفرد
551,مَخْصُورٌ,مفعول,خَصَرَ,مذكر,مفرد
552,مُخَصَّصٌ,مفعول,خَصَّصَ,مذكر,مفرد
553,مُخَضَّبٌ,مفعول,خَضَّبَ,مذكر,مفرد
554,مُخَضْرَمٌ,مفعول,خَضْرَمَ,مذكر,مفرد
555,مَخْطُوبٌ,مفعول,خَطَبَ,مذكر,مفرد
556,مُخَطَّطٌ,مفعول,خَطَّطَ,مذكر,مفرد
557,مَخْطُوفٌ,مفعول,خَطَفَ,مذكر,مفرد
558,مَخْفُورٌ,مفعول,خَفَرَ,مذكر,مفرد
559,مُخَفَّضٌ,مفعول,خَفَّضَ,مذكر,مفرد
560,مُخَفَّفٌ,مفعول,خَفَّفَ,مذكر,مفرد
561,مُخَلَّدٌ,مفعول,خَلَّدَ,مذكر,مفرد
562,مَخْلُوطٌ,مفعول,خَلَطَ,مذكر,مفرد
563,مَخْلُوعٌ,مفعول,خَلَعَ,مذكر,مفرد
564,مُخَلَّفٌ,مفعول,خَلَّفَ,مذكر,مفرد
565,مَخْلُوقٌ,مفعول,خَلَقَ,مذكر,مفرد
566,مُخَلَّلٌ,مفعول,خَلَّلَ,مذكر,مفرد
567,مَخْمُورٌ,مفعول,خَمَرَ,مذكر,مفرد
568,مُخَمَّسٌ,مفعول,خَمَّسَ,مذكر,مفرد
569,مَخْنُوقٌ,مفعول,خَنَقَ,مذكر,مفرد
570,مَدْيُونٌ,مفعول,دَانَ,مذكر,مفرد
571,مُدَبَّجٌ,مفعول,دَبَّجَ,مذكر,مفرد
572,مُدَبَّرٌ,مفعول,دَبَّرَ,مذكر,مفرد
573,مَدْبُوغٌ,مفعول,دَبَغَ,مذكر,مفرد
574,مُدَجَّجٌ,مفعول,دَجَّجَ,مذكر,مفرد
575,مَدْخُولٌ,مفعول,دَخَلَ,مذكر,مفرد
576,مَدَاخِيلُ,مفعول,دَخَلَ,,جمع
577,مُدَرَّبٌ,مفعول,دَرَّبَ,مذكر,مفرد
578,مَدْرُوسٌ,مفعول,دَرَسَ,مذكر,مفرد
579,مَدْسُوسٌ,مفعول,دَسَّ,مذكر,مفرد
580,مَدْفُوعٌ,مفعول,دَفَعَ,مذكر,مفرد
581,مَدْفُونٌ,مفعول,دَفَنَ,مذكر,مفرد
582,مُدَقَّقٌ,مفعول,دَقَّقَ,مذكر,مفرد
583,مَدْلُولٌ,مفعول,دَلَّ,مذكر,مفرد
584,مُدَلَّعٌ,مفعول,دَلَّعَ,مذكر,مفرد
585,مُدَلَّلٌ,مفعول,دَلَّلَ,مذكر,مفرد
586,مُدَلَّهٌ,مفعول,دَلَّهَ,مذكر,مفرد
587,مُدَمَّرٌ,مفعول,دَمَّرَ,مذكر,مفرد
588,مُدَمَّسٌ,مفعول,دَمَّسَ,مذكر,مفرد
589,مُدَمَّى,مفعول,دَمَّى,مذكر,مفرد
590,مُدَمّاة,مفعول,دَمَّى,مؤنث,مفرد
591,مُدَنَّسٌ,مفعول,دَنَّسَ,مذكر,مفرد
592,مَدْهُوشٌ,مفعول,دَهِشَ,مذكر,مفرد
593,مَدْهُونٌ,مفعول,دَهَنَ,مذكر,مفرد
594,مُدَوَّدٌ,مفعول,دَوَّدَ,مذكر,مفرد
595,مُدَوَّرٌ,مفعول,دَوَّرَ,مذكر,مفرد
596,مُدَوَّنٌ,مفعول,دَوَّنَ,مذكر,مفرد
597,مَذْبُوحٌ,مفعول,ذَبَحَ,مذكر,مفرد
598,مُذَبْذَبٌ,مفعول,ذَبْذَبَ,مذكر,مفرد
599,مَذْعُورٌ,مفعول,ذَعَرَ,مذكر,مفرد
600,مَذْكُورٌ,مفعول,ذَكَرَ,مذكر,مفرد
601,مُذَلَّقٌ,مفعول,ذَلَّقَ,مذكر,مفرد
602,مُذَلَّلٌ,مفعول,ذَلَّلَ,مذكر,مفرد
603,مَذْمُومٌ,مفعول,ذَمَّ,مذكر,مفرد
604,مُذَمَّمٌ,مفعول,ذَمَّمَ,مذكر,مفرد
605,مُذَنَّبٌ,مفعول,ذَنَّبَ,مذكر,مفرد
606,مُذَهَّبٌ,مفعول,ذَهَّبَ,مذكر,مفرد
607,مَذْهُولٌ,مفعول,ذَهِلَ,مذكر,مفرد
608,مُذَيَّلٌ,مفعول,ذَيَّلَ,مذكر,مفرد
609,مَرْؤُوسٌ,مفعول,رَأَسَ,مذكر,مفرد
610,مُرَاقَبٌ,مفعول,رَاقَبَ,مذكر,مفرد
611,مُرَتَّبٌ,مفعول,رَتَّبَ,مذكر,مفرد
612,مُرَتَّلٌ,مفعول,رَتَّلَ,مذكر,مفرد
613,مُرَجَّحٌ,مفعول,رَجَّحَ,مذكر,مفرد
614,مَرْجُوعٌ,مفعول,رَجَعَ,مذكر,مفرد
615,مَرَاجِيعُ,مفعول,رَجَعَ,,جمع
616,مُرَجَّلٌ,مفعول,رَجَّلَ,مذكر,مفرد
617,مُرَجَّمٌ,مفعول,رَجَّمَ,مذكر,مفرد
618,مَرْحُومٌ,مفعول,رَحِمَ,مذكر,مفرد
619,مُرَخَّصٌ,مفعول,رَخَّصَ,مذكر,مفرد
620,مَرْدُودٌ,مفعول,رَدَّ,مذكر,مفرد
621,مُرَدَّدٌ,مفعول,رَدَّدَ,مذكر,مفرد
622,مَرْدُومٌ,مفعول,رَدَمَ,مذكر,مفرد
623,مَرْذُولٌ,مفعول,رَذُلَ,مذكر,مفرد
624,مُرَزَّأٌ,مفعول,رَزَّأَ,مذكر,مفرد
625,مُرَزَّأَةٌ,مفعول,رَزَّأَ,مؤنث,مفرد
626,مَرْزُوقٌ,مفعول,رَزَقَ,مذكر,مفرد
627,مَرْسُومٌ,مفعول,رَسَمَ,مذكر,مفرد
628,مَرَاسِيمُ,مفعول,رَسَمَ,,جمع
629,مُرَشَّحٌ,مفعول,رَشَّحَ,مذكر,مفرد
630,مَرْصُوصٌ,مفعول,رَصَّ,مذكر,مفرد
631,مَرْصُودٌ,مفعول,رَصَدَ,مذكر,مفرد
632,مُرَصَّعٌ,مفعول,رَصَّعَ,مذكر,مفرد
633,مَرْصُوفٌ,مفعول,رَصَفَ,مذكر,مفرد
634,مُرَطَّبٌ,مفعول,رَطَّبَ,مذكر,مفرد
635,مَرْعُوبٌ,مفعول,رَعَبَ,مذكر,مفرد
636,مُرَعْبَلٌ,مفعول,رَعْبَلَ,مذكر,مفرد
637,مَرْعِيٌّ,مفعول,رَعَى,مذكر,مفرد
638,مَرْغُوبٌ,مفعول,رَغِبَ,مذكر,مفرد
639,مَرْفُوعٌ,مفعول,رَفَعَ,مذكر,مفرد
640,مُرَقَّعٌ,مفعول,رَقَّعَ,مذكر,مفرد
641,مُرَقَّقٌ,مفعول,رَقَّقَ,مذكر,مفرد
642,مُرَقَّمٌ,مفعول,رَقَّمَ,مذكر,مفرد
643,مَرْقُومٌ,مفعول,رَقَمَ,مذكر,مفرد
644,مُرَكَّبٌ,مفعول,رَكَّبَ,مذكر,مفرد
645,مَرْكُوبٌ,مفعول,رَكِبَ,مذكر,مفرد
646,مُرَكَّزٌ,مفعول,رَكَّزَ,مذكر,مفرد
647,مَرْمُوزٌ,مفعول,رَمَزَ,مذكر,مفرد
648,مُرَمَّشٌ,مفعول,رَمَّشَ,مذكر,مفرد
649,مَرْمُوقٌ,مفعول,رَمَقَ,مذكر,مفرد
650,مُرَمَّمٌ,مفعول,رَمَّمَ,مذكر,مفرد
651,مَرْهُوبٌ,مفعول,رَهِبَ,مذكر,مفرد
652,مَرْهُونٌ,مفعول,رَهَنَ,مذكر,مفرد
653,مُرَوَّحٌ,مفعول,رَوَّحَ,مذكر,مفرد
654,مُرَوَّعٌ,مفعول,رَوَّعَ,مذكر,مفرد
655,مُزَخْرَفٌ,مفعول,زَخْرَفَ,مذكر,مفرد
656,مَزْرُوعٌ,مفعول,زَرَعَ,مذكر,مفرد
657,مُزَرْكَشٌ,مفعول,زَرْكَشَ,مذكر,مفرد
658,مَزْعُومٌ,مفعول,زَعَمَ,مذكر,مفرد
659,مُزَفَّتٌ,مفعول,زَفَّتَ,مذكر,مفرد
660,مَزْكُومٌ,مفعول,زَكَمَ,مذكر,مفرد
661,مَزْمُومٌ,مفعول,زَمَّ,مذكر,مفرد
662,مُزَّمَّلٌ,مفعول,اِزَّمَّلَ ,مذكر,مفرد
663,مُزَوَّدٌ,مفعول,زَوَّدَ,مذكر,مفرد
664,مُزَوَّرٌ,مفعول,زَوَّرَ,مذكر,مفرد
665,مُزَوَّقٌ,مفعول,زَوَّقَ,مذكر,مفرد
666,مُزَيَّتٌ,مفعول,زَيَّتَ,مذكر,مفرد
667,مُزَيَّفٌ,مفعول,زَيَّفَ,مذكر,مفرد
668,مُزَيَّنٌ,مفعول,زَيَّنَ,مذكر,مفرد
669,مَسُودٌ,مفعول,سَادَ,مذكر,مفرد
670,مَسْؤُولٌ,مفعول,سَأَلَ,مذكر,مفرد
671,مَسْبُوتٌ,مفعول,سَبَتَ,مذكر,مفرد
672,مُسَبَّحٌ,مفعول,سَبَّحَ,مذكر,مفرد
673,مُسَبَّعٌ,مفعول,سَبَّعَ,مذكر,مفرد
674,مُسَبَّقٌ,مفعول,سَبَّقَ,مذكر,مفرد
675,مَسْتُورٌ,مفعول,سَتَرَ,مذكر,مفرد
676,مَسَاتِيرُ,مفعول,سَتَرَ,,جمع
677,مُسَتَّرَةٌ,مفعول,سَتَّرَ,مؤنث,مفرد
678,مُسَجَّلٌ,مفعول,سَجَّلَ,مذكر,مفرد
679,مَسْجُونٌ,مفعول,سَجَنَ,مذكر,مفرد
680,مَسَاجِينُ,مفعول,سَجَنَ,,جمع
681,مَسْحُوبٌ,مفعول,سَحَبَ,مذكر,مفرد
682,مَسْحُوتٌ,مفعول,سَحَتَ,مذكر,مفرد
683,مَسْحُورٌ,مفعول,سَحَرَ,مذكر,مفرد
684,مَسْحُوقٌ,مفعول,سَحَقَ,مذكر,مفرد
685,مَسَاحِيقُ,مفعول,سَحَقَ,,جمع
686,مُسَخَّرٌ,مفعول,سَخَّرَ,مذكر,مفرد
687,مُسَخَّنٌ,مفعول,سَخَّنَ,مذكر,مفرد
688,مَسْدُودٌ,مفعول,سَدَّ,مذكر,مفرد
689,مُسَدَّدٌ,مفعول,سَدَّدَ,مذكر,مفرد
690,مَسْرُورٌ,مفعول,سَرَّ,مذكر,مفرد
691,مُسَرَّحٌ,مفعول,سَرَّحَ,مذكر,مفرد
692,مَسْرُوقٌ,مفعول,سَرَقَ,مذكر,مفرد
693,مُسَطَّحٌ,مفعول,سَطَّحَ,مذكر,مفرد
694,مُسَطَّرٌ,مفعول,سَطَّرَ,مذكر,مفرد
695,مَسْطُولٌ,مفعول,سَطَلَ,مذكر,مفرد
696,مُسَعَّرٌ,مفعول,سَعَّرَ,مذكر,مفرد
697,مَسْعُورٌ,مفعول,سَعَرَ,مذكر,مفرد
698,مَسَاعِيرُ,مفعول,سَعَرَ,,جمع
699,مَسْعَى,مفعول,سَعَى,مذكر,مفرد
700,مَسْعاة,مفعول,سَعَى,مؤنث,مفرد
701,مَسَاعِي,مفعول,سَعَى,,جمع
702,مَسْفُوحٌ,مفعول,سَفَحَ,مذكر,مفرد
703,مَسْفُوكٌ,مفعول,سَفَكَ,مذكر,مفرد
704,مَسْكُوتٌ,مفعول,سَكَتَ,مذكر,مفرد
705,مَسْكُونٌ,مفعول,سَكَنَ,مذكر,مفرد
706,مَسْلُولٌ,مفعول,سَلَّ,مذكر,مفرد
707,مَسْلُوبٌ,مفعول,سَلَبَ,مذكر,مفرد
708,مساليب,مفعول,سَلَبَ,,جمع
709,مُسَلَّحٌ,مفعول,سَلَّحَ,مذكر,مفرد
710,مُسَلْسَلٌ,مفعول,سَلْسَلَ,مذكر,مفرد
711,مَسْلُوقٌ,مفعول,سَلَقَ,مذكر,مفرد
712,مَسْلُوكٌ,مفعول,سَلَكَ,مذكر,مفرد
713,مُسَلَّمٌ,مفعول,سَلَّمَ,مذكر,مفرد
714,مَسْمُومٌ,مفعول,سَمَّ,مذكر,مفرد
715,مَسْمُوحٌ,مفعول,سَمَحَ,مذكر,مفرد
716,مُسَمَّرٌ,مفعول,سَمَّرَ,مذكر,مفرد
717,مَسْمُوعٌ,مفعول,سَمِعَ,مذكر,مفرد
718,مُسَمَّى,مفعول,سَمَّى,مذكر,مفرد
719,مُسَمّاة,مفعول,سَمَّى,مؤنث,مفرد
720,مَسْنُونٌ,مفعول,سَنَّ,مذكر,مفرد
721,مُسَنَّنٌ,مفعول,سَنَّنَ,مذكر,مفرد
722,مُسَهَّدٌ,مفعول,سَهَّدَ,مذكر,مفرد
723,مُسَوَّرٌ,مفعول,سَوَّرَ,مذكر,مفرد
724,مُسَوَّسٌ,مفعول,سَوَّسَ,مذكر,مفرد
725,مُسَيَّجٌ,مفعول,سَيَّجَ,مذكر,مفرد
726,مُسَيَّرٌ,مفعول,سَيَّرَ,مذكر,مفرد
727,مَشُوبٌ,مفعول,شَابَ,مذكر,مفرد
728,مَشْؤُومٌ,مفعول,شَأَمَ,مذكر,مفرد
729,مَشَائيِمُ,مفعول,شَأَمَ,,جمع
730,مُشَاهَدٌ,مفعول,شَاهَدَ,مذكر,مفرد
731,مَشْبُوبٌ,مفعول,شَبَّ,مذكر,مفرد
732,مَشَابِيبُ,مفعول,شَبَّ,,جمع
733,مُشَبَّكٌ,مفعول,شَبَّكَ,مذكر,مفرد
734,مُشَبَّهٌ,مفعول,شَبَّهَ,مذكر,مفرد
735,مَشْبُوهٌ,مفعول,شَبَهَ,مذكر,مفرد
736,مُشَتَّتٌ,مفعول,شَتَّتَ,مذكر,مفرد
737,مُشَجَّرٌ,مفعول,شَجَّرَ,مذكر,مفرد
738,مَشْحُوذٌ,مفعول,شَحَذَ,مذكر,مفرد
739,مَشْحُونٌ,مفعول,شَحَنَ,مذكر,مفرد
740,مَشْدُودٌ,مفعول,شَدَّ,مذكر,مفرد
741,مُشَدَّدٌ,مفعول,شَدَّدَ,مذكر,مفرد
742,مُشَذَّبٌ,مفعول,شَذَّبَ,مذكر,مفرد
743,مَشْرُوبٌ,مفعول,شَرِبَ,مذكر,مفرد
744,مَشَارِيبُ,مفعول,شَرِبَ,,جمع
745,مَشْرُوطٌ,مفعول,شَرَطَ,مذكر,مفرد
746,مَشْرُوعٌ,مفعول,شَرَعَ,مذكر,مفرد
747,مَشَارِيعُ,مفعول,شَرَعَ,,جمع
748,مُشَطَّبٌ,مفعول,شَطَّبَ,مذكر,مفرد
749,مَشْطُوبٌ,مفعول,شَطَبَ,مذكر,مفرد
750,مَشْطُورٌ,مفعول,شَطَرَ,مذكر,مفرد
751,مُشَعَّثٌ,مفعول,شَعَّثَ,مذكر,مفرد
752,مَشْغُوفٌ,مفعول,شَغَفَ,مذكر,مفرد
753,مَشْغُولٌ,مفعول,شَغَلَ,مذكر,مفرد
754,مشاغيل,مفعول,شَغَلَ,,جمع
755,مَشْقُوقٌ,مفعول,شَقَّ,مذكر,مفرد
756,مُشَقَّقٌ,مفعول,شَقَّقَ,مذكر,مفرد
757,مَشْكُوكٌ,مفعول,شَكَّ,مذكر,مفرد
758,مُشَكَّلٌ,مفعول,شَكَّلَ,مذكر,مفرد
759,مَشْكُولٌ,مفعول,شَكَلَ,مذكر,مفرد
760,مَشْلُولٌ,مفعول,شَلَّ,مذكر,مفرد
761,مَشْمُومٌ,مفعول,شَمَّ,مذكر,مفرد
762,مُشَمَّسٌ,مفعول,شَمَّسَ,مذكر,مفرد
763,مَشْمُولٌ,مفعول,شَمَلَ,مذكر,مفرد
764,مُشَنَّجٌ,مفعول,شَنَّجَ,مذكر,مفرد
765,مَشْنُوقٌ,مفعول,شَنَقَ,مذكر,مفرد
766,مَشْهُودٌ,مفعول,شَهِدَ,مذكر,مفرد
767,مَشْهُورٌ,مفعول,شَهَرَ,مذكر,مفرد
768,مَشَاهِيرُ,مفعول,شَهَرَ,,جمع
769,مُشَوَّشٌ,مفعول,شَوَّشَ,مذكر,مفرد
770,مُشَوَّهٌ,مفعول,شَوَّهَ,مذكر,مفرد
771,مُشَيَّدٌ,مفعول,شَيَّدَ,مذكر,مفرد
772,مُشَيَّعٌ,مفعول,شَيَّعَ,مذكر,مفرد
773,مُصَادَرٌ,مفعول,صَادَرَ,مذكر,مفرد
774,مُصَادَقٌ,مفعول,صَادَقَ,مذكر,مفرد
775,مَصْبُوبٌ,مفعول,صَبَّ,مذكر,مفرد
776,مَصْحُوبٌ,مفعول,صَحِبَ,مذكر,مفرد
777,مُصَحَّحٌ,مفعول,صَحَّحَ,مذكر,مفرد
778,مُصَدَّرٌ,مفعول,صَدَّرَ,مذكر,مفرد
779,مَصْدُورٌ,مفعول,صَدَرَ,مذكر,مفرد
780,مَصْدُوعٌ,مفعول,صَدَعَ,مذكر,مفرد
781,مُصَدَّقٌ,مفعول,صَدَّقَ,مذكر,مفرد
782,مُصَرَّحٌ,مفعول,صَرَّحَ,مذكر,مفرد
783,مَصْرُوعٌ,مفعول,صَرَعَ,مذكر,مفرد
784,مُصَرَّفٌ,مفعول,صَرَّفَ,مذكر,مفرد
785,مَصْرُوفٌ,مفعول,صَرَفَ,مذكر,مفرد
786,مَصَارِيفُ,مفعول,صَرَفَ,,جمع
787,مُصَعَّرٌ,مفعول,صَعَّرَ,مذكر,مفرد
788,مَصْعُوقٌ,مفعول,صَعِقَ,مذكر,مفرد
789,مُصَغَّرٌ,مفعول,صَغَّرَ,مذكر,مفرد
790,مُصَفَّحٌ,مفعول,صَفَّحَ,مذكر,مفرد
791,مُصَفَّفٌ,مفعول,صَفَّفَ,مذكر,مفرد
792,مُصَفَّى,مفعول,صَفَّى,مذكر,مفرد
793,مُصَفاة,مفعول,صَفَّى,مؤنث,مفرد
794,مَصْقُولٌ,مفعول,صَقَلَ,مذكر,مفرد
795,مُصَلَّبٌ,مفعول,صَلَّبَ,مذكر,مفرد
796,مَصْلُوبٌ,مفعول,صَلَبَ,مذكر,مفرد
797,مُصَنَّعٌ,مفعول,صَنَّعَ,مذكر,مفرد
798,مَصْنُوعٌ,مفعول,صَنَعَ,مذكر,مفرد
799,مُصَنَّفٌ,مفعول,صَنَّفَ,مذكر,مفرد
800,مُصَوَّرٌ,مفعول,صَوَّرَ,مذكر,مفرد
801,مُضَاعَفٌ,مفعول,ضَاعَفَ,مذكر,مفرد
802,مَضْبُوطٌ,مفعول,ضَبَطَ,مذكر,مفرد
803,مُضَخَّمٌ,مفعول,ضَخَّمَ,مذكر,مفرد
804,مَضْرُوبٌ,مفعول,ضَرَبَ,مذكر,مفرد
805,مُضَرَّبٌ,مفعول,ضَرَّبَ,مذكر,مفرد
806,مُضَرَّجٌ,مفعول,ضَرَّجَ,مذكر,مفرد
807,مُضَرَّسٌ,مفعول,ضَرَّسَ,مذكر,مفرد
808,مَضْرُوسٌ,مفعول,ضَرَسَ,مذكر,مفرد
809,مُضَعَّفٌ,مفعول,ضَعَّفَ,مذكر,مفرد
810,مُضَلَّعٌ,مفعول,ضَلَّعَ,مذكر,مفرد
811,مُضَلَّلٌ,مفعول,ضَلَّلَ,مذكر,مفرد
812,مَضْمُومٌ,مفعول,ضَمَّ,مذكر,مفرد
813,مَضْمُونٌ,مفعول,ضَمِنَ,مذكر,مفرد
814,مَضَامِينُ,مفعول,ضَمِنَ,,جمع
815,مُطَارَدٌ,مفعول,طَارَدَ,مذكر,مفرد
816,مَطُوفٌ,مفعول,طَافَ,مذكر,مفرد
817,مُطَالَبٌ,مفعول,طَالَبَ,مذكر,مفرد
818,مَطْبُوخٌ,مفعول,طَبَخَ,مذكر,مفرد
819,مَطْبُوعٌ,مفعول,طَبَعَ,مذكر,مفرد
820,مُطَبَّقٌ,مفعول,طَبَّقَ,مذكر,مفرد
821,مُطَحْلَبٌ,مفعول,طَحْلَبَ,مذكر,مفرد
822,مَطْحُونٌ,مفعول,طَحَنَ,مذكر,مفرد
823,مَطْرُوحٌ,مفعول,طَرَحَ,مذكر,مفرد
824,مَطْرُودٌ,مفعول,طَرَدَ,مذكر,مفرد
825,مُطَرَّزٌ,مفعول,طَرَّزَ,مذكر,مفرد
826,مَطْرُوفٌ,مفعول,طَرَفَ,مذكر,مفرد
827,مَطْرُوقٌ,مفعول,طَرَقَ,مذكر,مفرد
828,مُطَعَّمٌ,مفعول,طَعَّمَ,مذكر,مفرد
829,مَطْعُونٌ,مفعول,طَعَنَ,مذكر,مفرد
830,مَطْلُوبٌ,مفعول,طَلَبَ,مذكر,مفرد
831,مُطَلَّقٌ,مفعول,طَلَّقَ,مذكر,مفرد
832,مَطْمُوسٌ,مفعول,طَمَسَ,مذكر,مفرد
833,مُطَهَّرٌ,مفعول,طَهَّرَ,مذكر,مفرد
834,مُطَهَّمٌ,مفعول,طَهَّمَ,مذكر,مفرد
835,مُطَوَّقٌ,مفعول,طَوَّقَ,مذكر,مفرد
836,مُطَوَّلٌ,مفعول,طَوَّلَ,مذكر,مفرد
837,مَطْوِيٌّ,مفعول,طَوَى,مذكر,مفرد
838,مَظْرُوفٌ,مفعول,ظَرَفَ,مذكر,مفرد
839,مُظَفَّرٌ,مفعول,ظَفَّرَ,مذكر,مفرد
840,مَظْلُومٌ,مفعول,ظَلَمَ,مذكر,مفرد
841,مَعِيبٌ,مفعول,عَابَ,مذكر,مفرد
842,مُعَافَى,مفعول,عَافَى,مذكر,مفرد
843,مُعاَفاة,مفعول,عَافَى,مؤنث,مفرد
844,مُعَاقَبٌ,مفعول,عَاقَبَ,مذكر,مفرد
845,مُعَالَجٌ,مفعول,عَالَجَ,مذكر,مفرد
846,مَعْبُودٌ,مفعول,عَبَدَ,مذكر,مفرد
847,مُعَبَّرٌ,مفعول,عَبَّرَ,مذكر,مفرد
848,مُعَتَّقَةٌ,مفعول,عَتَّقَ,مؤنث,مفرد
849,مُعَجَّلٌ,مفعول,عَجَّلَ,مذكر,مفرد
850,مَعْجُونٌ,مفعول,عَجَنَ,مذكر,مفرد
851,مَعَاجِينُ,مفعول,عَجَنَ,,جمع
852,مَعْدُودٌ,مفعول,عَدَّ,مذكر,مفرد
853,مُعَدَّلٌ,مفعول,عَدَّلَ,مذكر,مفرد
854,مَعْدُومٌ,مفعول,عَدَمَ,مذكر,مفرد
855,مُعَذَّبٌ,مفعول,عَذَّبَ,مذكر,مفرد
856,مَعْذُورٌ,مفعول,عَذَرَ,مذكر,مفرد
857,مُعَرَّبٌ,مفعول,عَرَّبَ,مذكر,مفرد
858,مُعَرَّضٌ,مفعول,عَرَّضَ,مذكر,مفرد
859,مَعْرُوضٌ,مفعول,عَرَضَ,مذكر,مفرد
860,مَعْرُوفٌ,مفعول,عَرَفَ,مذكر,مفرد
861,مُعَرَّفٌ,مفعول,عَرَّفَ,مذكر,مفرد
862,مُعَرْقَلٌ,مفعول,عَرْقَلَ,مذكر,مفرد
863,مُعَرَّى,مفعول,عَرَّى,مذكر,مفرد
864,مُعَرّاة,مفعول,عَرَّى,مؤنث,مفرد
865,مُعَزَّزٌ,مفعول,عَزَّزَ,مذكر,مفرد
866,مَعْزُولٌ,مفعول,عَزَلَ,مذكر,مفرد
867,معازيل,مفعول,عَزَلَ,,جمع
868,مُعَسْكَرٌ,مفعول,عَسْكَرَ,مذكر,مفرد
869,مُعَسَّلٌ,مفعول,عَسَّلَ,مذكر,مفرد
870,مَعْسُولٌ,مفعول,عَسَلَ,مذكر,مفرد
871,مُعَشَّرٌ,مفعول,عَشَّرَ,مذكر,مفرد
872,مُعَصَّبٌ,مفعول,عَصَّبَ,مذكر,مفرد
873,مَعْصُوبٌ,مفعول,عَصَبَ,مذكر,مفرد
874,مُعَصَّرٌ,مفعول,عَصَّرَ,مذكر,مفرد
875,مَعْصُومٌ,مفعول,عَصَمَ,مذكر,مفرد
876,مَعْطُوبٌ,مفعول,عَطَبَ,مذكر,مفرد
877,مُعَطَّرٌ,مفعول,عَطَّرَ,مذكر,مفرد
878,مُعَطَّلٌ,مفعول,عَطَّلَ,مذكر,مفرد
879,مُعَظَّمٌ,مفعول,عَظَّمَ,مذكر,مفرد
880,مَعْفُوٌّ,مفعول,عَفَا,مذكر,مفرد
881,مُعَفَّرٌ,مفعول,عَفَّرَ,مذكر,مفرد
882,مُعَفَّنٌ,مفعول,عَفَّنَ,مذكر,مفرد
883,مُعَقَّبٌ,مفعول,عَقَّبَ,مذكر,مفرد
884,مُعَقَّدٌ,مفعول,عَقَّدَ,مذكر,مفرد
885,مَعْقُودٌ,مفعول,عَقَدَ,مذكر,مفرد
886,مَعْقُوفٌ,مفعول,عَقَفَ,مذكر,مفرد
887,مَعْقُولٌ,مفعول,عَقَلَ,مذكر,مفرد
888,مُعَقَّمٌ,مفعول,عَقَّمَ,مذكر,مفرد
889,مُعَكَّرٌ,مفعول,عَكَّرَ,مذكر,مفرد
890,مَعْكُوسٌ,مفعول,عَكَسَ,مذكر,مفرد
891,مَعْلُولٌ,مفعول,عَلَّ,مذكر,مفرد
892,مَعْلُوفٌ,مفعول,عَلَفَ,مذكر,مفرد
893,مُعَلَّقٌ,مفعول,عَلَّقَ,مذكر,مفرد
894,مُعَلَّمٌ,مفعول,عَلَّمَ,مذكر,مفرد
895,مَعْلُومٌ,مفعول,عَلِمَ,مذكر,مفرد
896,مُعَلَّى,مفعول,عَلَّى,مذكر,مفرد
897,مُعَلاة,مفعول,عَلَّى,مؤنث,مفرد
898,مُعَمَّرٌ,مفعول,عَمَّرَ,مذكر,مفرد
899,مَعْمُورٌ,مفعول,عَمَرَ,مذكر,مفرد
900,مَعْمُولٌ,مفعول,عَمِلَ,مذكر,مفرد
901,مُعَمَّمٌ,مفعول,عَمَّمَ,مذكر,مفرد
902,مُعَمَّى,مفعول,عَمَّى,مذكر,مفرد
903,مُعَمّاة,مفعول,عَمَّى,مؤنث,مفرد
904,مُعَنَّفٌ,مفعول,عَنَّفَ,مذكر,مفرد
905,مُعَنَّى,مفعول,عَنَّى,مذكر,مفرد
906,مُعَنّاةٌ,مفعول,عَنَّى,مؤنث,مفرد
907,مَعْنِيٌّ,مفعول,عَنَى,مذكر,مفرد
908,مَعْهُودٌ,مفعول,عَهِدَ,مذكر,مفرد
909,مُعَوَّدٌ,مفعول,عَوَّدَ,مذكر,مفرد
910,مُعَوَّلٌ,مفعول,عَوَّلَ,مذكر,مفرد
911,مُعَيَّلٌ,مفعول,عيَّلَ,مذكر,مفرد
912,مُعَيَّنٌ,مفعول,عَيَّنَ,مذكر,مفرد
913,مُغَبَّرٌ,مفعول,غَبَّرَ,مذكر,مفرد
914,مَغْبُوطٌ,مفعول,غَبَطَ,مذكر,مفرد
915,مَغْبُونٌ,مفعول,غَبَنَ,مذكر,مفرد
916,مُغَذَّى,مفعول,غَذَّى,مذكر,مفرد
917,مُغَذّاة,مفعول,غَذَّى,مؤنث,مفرد
918,مَغْرُورٌ,مفعول,غَرَّ,مذكر,مفرد
919,مغارير,مفعول,غَرَّ,,جمع
920,مُغَرْبَلٌ,مفعول,غَرْبَلَ,مذكر,مفرد
921,مَغْسُولٌ,مفعول,غَسَلَ,مذكر,مفرد
922,مَغْشُوشٌ,مفعول,غَشَّ,مذكر,مفرد
923,مَغْشِيٌّ,مفعول,غَشِيَ,مذكر,مفرد
924,مَغْضُوبٌ,مفعول,غضِبَ,مذكر,مفرد
925,مَذْهُوبٌ,مفعول,ذَهَبَ,مذكر,مفرد
926,مَغْفُورٌ,مفعول,غَفَرَ,مذكر,مفرد
927,مُغَفَّلٌ,مفعول,غَفَّلَ,مذكر,مفرد
928,مَغْلُوبٌ,مفعول,غَلَبَ,مذكر,مفرد
929,مَغْلُوطٌ,مفعول,غَلِطَ,مذكر,مفرد
930,مُغَلَّفٌ,مفعول,غَلَّفَ,مذكر,مفرد
931,مَغْلُوقٌ,مفعول,غَلَقَ,مذكر,مفرد
932,مَغْمُومٌ,مفعول,غَمَّ,مذكر,مفرد
933,مُغَمَّدٌ,مفعول,غَمَّدَ,مذكر,مفرد
934,مَغْمُودٌ,مفعول,غَمَدَ,مذكر,مفرد
935,مَغْمُورٌ,مفعول,غَمَرَ,مذكر,مفرد
936,مَغْمُوزٌ,مفعول,غَمَزَ,مذكر,مفرد
937,مُغَمَّضٌ,مفعول,غَمَّضَ,مذكر,مفرد
938,مُغَيَّبٌ,مفعول,غَيَّبَ,مذكر,مفرد
939,مُغَيَّرٌ,مفعول,غَيَّرَ,مذكر,مفرد
940,مُغَيَّمٌ,مفعول,غَيَّمَ,مذكر,مفرد
941,مُفَتَّتٌ,مفعول,فَتَّتَ,مذكر,مفرد
942,مَفْتُوحٌ,مفعول,فَتَحَ,مذكر,مفرد
943,مَفْتُولٌ,مفعول,فَتَلَ,مذكر,مفرد
944,مَفْتُونٌ,مفعول,فَتَنَ,مذكر,مفرد
945,مَفْجُوعٌ,مفعول,فَجَعَ,مذكر,مفرد
946,مَفْدِيٌّ,مفعول,فَدَى,مذكر,مفرد
947,مَفْرُوشٌ,مفعول,فَرَشَ,مذكر,مفرد
948,مَفْرُوضٌ,مفعول,فَرَضَ,مذكر,مفرد
949,مَفْرُوغٌ,مفعول,فَرَغَ,مذكر,مفرد
950,مُفَرَّقٌ,مفعول,فَرَّقَ,مذكر,مفرد
951,مَفْرُوكٌ,مفعول,فَرَكَ,مذكر,مفرد
952,مَفْرُومٌ,مفعول,فَرَمَ,مذكر,مفرد
953,مُفَسَّرٌ,مفعول,فَسَّرَ,مذكر,مفرد
954,مُفَصَّلٌ,مفعول,فَصَّلَ,مذكر,مفرد
955,مُفَضَّضٌ,مفعول,فَضَّضَ,مذكر,مفرد
956,مُفَضَّلٌ,مفعول,فَضَّلَ,مذكر,مفرد
957,مَفْعُولٌ,مفعول,فَعَلَ,مذكر,مفرد
958,مَفَاعِيلُ,مفعول,فَعَلَ,,جمع
959,مَفْقُودٌ,مفعول,فَقَدَ,مذكر,مفرد
960,مَفْكُوكٌ,مفعول,فَكَّ,مذكر,مفرد
961,مُفَكَّرٌ,مفعول,فَكَّرَ,مذكر,مفرد
962,مُفَكَّكٌ,مفعول,فَكَّكَ,مذكر,مفرد
963,مَفْلُوجٌ,مفعول,فَلِجَ,مذكر,مفرد
964,مَفَاهِيمُ,مفعول,فَهِمَ,,جمع
965,مَفْلُوحٌ,مفعول,فَلَحَ,مذكر,مفرد
966,مُفَلْفَلٌ,مفعول,فَلْفَلَ,مذكر,مفرد
967,مَفْلُوقٌ,مفعول,فَلَقَ,مذكر,مفرد
968,مُفَنَّدٌ,مفعول,فَنَّدَ,مذكر,مفرد
969,مُفَهْرَسٌ,مفعول,فَهْرَسَ,مذكر,مفرد
970,مَفْهُومٌ,مفعول,فَهِمَ,مذكر,مفرد
971,مَفَاهِيمُ,مفعول,فَهِمَ,,جمع
972,مُفَوَّضٌ,مفعول,فَوَّضَ,مذكر,مفرد
973,مُفَوَّهٌ,مفعول,فَوَّهَ,مذكر,مفرد
974,مُقَابَلٌ,مفعول,قَابَلَ,مذكر,مفرد
975,مَقُودٌ,مفعول,قَادَ,مذكر,مفرد
976,مُقَارَنٌ,مفعول,قَارَنَ,مذكر,مفرد
977,مَقُولٌ,مفعول,قَالَ,مذكر,مفرد
978,مُقَبَّبٌ,مفعول,قَبَّبَ,مذكر,مفرد
979,مَقْبُورٌ,مفعول,قَبَرَ,مذكر,مفرد
980,مَقْبُوضٌ,مفعول,قَبَضَ,مذكر,مفرد
981,مَقْبُولٌ,مفعول,قَبِلَ,مذكر,مفرد
982,مَقْتُولٌ,مفعول,قَتَلَ,مذكر,مفرد
983,مَقْدُودٌ,مفعول,قَدَّ,مذكر,مفرد
984,مُقَدَّدٌ,مفعول,قَدَّدَ,مذكر,مفرد
985,مُقَدَّرٌ,مفعول,قَدَّرَ,مذكر,مفرد
986,مَقْدُورٌ,مفعول,قَدَرَ,مذكر,مفرد
987,مُقَدَّسٌ,مفعول,قَدَّسَ,مذكر,مفرد
988,مُقَدَّمٌ,مفعول,قَدَّمَ,مذكر,مفرد
989,مَقْذُوفٌ,مفعول,قَذَفَ,مذكر,مفرد
990,مَقَاذِيفُ,مفعول,قَذَفَ,,جمع
991,مَقْرُورٌ,مفعول,قَرَّ,مذكر,مفرد
992,مَقْرُوءٌ,مفعول,قَرَأَ,مذكر,مفرد
993,مَقْرُوءَةٌ,مفعول,قَرَأَ,مؤنث,مفرد
994,مُقَرَّبٌ,مفعول,قَرَّبَ,مذكر,مفرد
995,مُقَرَّحٌ,مفعول,قَرَّحَ,مذكر,مفرد
996,مَقْرُوحٌ,مفعول,قَرَحَ,مذكر,مفرد
997,مُقَرَّرٌ,مفعول,قَرَّرَ,مذكر,مفرد
998,مَقْرُونٌ,مفعول,قَرَنَ,مذكر,مفرد
999,مُقَسَّمٌ,مفعول,قَسَّمَ,مذكر,مفرد
1000,مَقْسُومٌ,مفعول,قَسَمَ,مذكر,مفرد
1001,مُقَشَّبٌ,مفعول,قَشَّبَ,مذكر,مفرد
1002,مَقْصُوصٌ,مفعول,قَصَّ,مذكر,مفرد
1003,مُقَصَّبٌ,مفعول,قَصَّبَ,مذكر,مفرد
1004,مَقْصُودٌ,مفعول,قَصَدَ,مذكر,مفرد
1005,مُقَصَّرٌ,مفعول,قَصَّرَ,مذكر,مفرد
1006,مَقْصُورٌ,مفعول,قَصَرَ,مذكر,مفرد
1007,مَقَاصِيرُ,مفعول,قَصَرَ,,جمع
1008,مُقَطَّبٌ,مفعول,قَطَّبَ,مذكر,مفرد
1009,مُقَطَّرٌ,مفعول,قَطَّرَ,مذكر,مفرد
1010,مَقْطُوعٌ,مفعول,قَطَعَ,مذكر,مفرد
1011,مَقَاطِيعُ,مفعول,قَطَعَ,,جمع
1012,مُقَعَّرٌ,مفعول,قَعَّرَ,مذكر,مفرد
1013,مُقَفَّعٌ,مفعول,قَفَّعَ,مذكر,مفرد
1014,مَقْلُوبٌ,مفعول,قَلَبَ,مذكر,مفرد
1015,مُقَلَّدٌ,مفعول,قَلَّدَ,مذكر,مفرد
1016,مَقْلِيٌّ,مفعول,قَلَى,مذكر,مفرد
1017,مَقْمُوعٌ,مفعول,قَمَعَ,مذكر,مفرد
1018,مُقَمَّلٌ,مفعول,قَمَّلَ,مذكر,مفرد
1019,مُقَنْطَرٌ,مفعول,قَنْطَرَ,مذكر,مفرد
1020,مُقَنَّعٌ,مفعول,قَنَّعَ,مذكر,مفرد
1021,مُقَوَّرٌ,مفعول,قَوَّرَ,مذكر,مفرد
1022,مُقَوَّسٌ,مفعول,قَوَّسَ,مذكر,مفرد
1023,مُقَوَّضٌ,مفعول,قَوَّضَ,مذكر,مفرد
1024,مُقَوْلَبٌ,مفعول,قَوْلَبَ,مذكر,مفرد
1025,مُقَوَّمٌ,مفعول,قَوَّمَ,مذكر,مفرد
1026,مُقَوَّى,مفعول,قَوَّى,مذكر,مفرد
1027,مُقَوّاة,مفعول,قَوَّى,مؤنث,مفرد
1028,مُقَيَّدٌ,مفعول,قَيَّدَ,مذكر,مفرد
1029,مُكَافَأٌ,مفعول,كَافَأَ,مذكر,مفرد
1030,مُكَافَأَةٌ,مفعول,كَافَأَ,مؤنث,مفرد
1031,مَكْبُوتٌ,مفعول,كَبَتَ,مذكر,مفرد
1032,مَكْتُوبٌ,مفعول,كَتَبَ,مذكر,مفرد
1033,مَكَاتِيبُ,مفعول,كَتَبَ,,جمع
1034,مَكْتُوفٌ,مفعول,كَتَفَ,مذكر,مفرد
1035,مُكَتَّلٌ,مفعول,كَتَّلَ,مذكر,مفرد
1036,مَكْتُومٌ,مفعول,كَتَمَ,مذكر,مفرد
1037,مُكَثَّرٌ,مفعول,كَثَّرَ,مذكر,مفرد
1038,مُكَثَّفٌ,مفعول,كَثَّفَ,مذكر,مفرد
1039,مَكْدُودٌ,مفعول,كَدَّ,مذكر,مفرد
1040,مُكَدَّرٌ,مفعول,كَدَّرَ,مذكر,مفرد
1041,مَكْرُوبٌ,مفعول,كَرَبَ,مذكر,مفرد
1042,مُكَرَّرٌ,مفعول,كَرَّرَ,مذكر,مفرد
1043,مُكَرَّسٌ,مفعول,كَرَّسَ,مذكر,مفرد
1044,مُكَرَّمٌ,مفعول,كَرَّمَ,مذكر,مفرد
1045,مَكْرُوهٌ,مفعول,كَرِهَ,مذكر,مفرد
1046,مُكَسَّرٌ,مفعول,كَسَّرَ,مذكر,مفرد
1047,مَكْسُورٌ,مفعول,كَسَرَ,مذكر,مفرد
1048,مَكَاسِيرُ,مفعول,كَسَرَ,,جمع
1049,مَكْشُوفٌ,مفعول,كَشَفَ,مذكر,مفرد
1050,مَكْظُومٌ,مفعول,كَظَمَ,مذكر,مفرد
1051,مَكْفُوفٌ,مفعول,كَفَّ,مذكر,مفرد
1052,مَكَافِيفُ,مفعول,كَفَّ,,جمع
1053,مَكْفُولٌ,مفعول,كَفَلَ,مذكر,مفرد
1054,مُكَفَّنٌ,مفعول,كَفَّنَ,مذكر,مفرد
1055,مُكَلَّفٌ,مفعول,كَلَّفَ,مذكر,مفرد
1056,مُكَلَّلٌ,مفعول,كَلَّلَ,مذكر,مفرد
1057,مَكْمُومٌ,مفعول,كَمَّ,مذكر,مفرد
1058,مَكْمُودٌ,مفعول,كَمِدَ,مذكر,مفرد
1059,مُكَمَّمٌ,مفعول,كَمَّمَ,مذكر,مفرد
1060,مَكْنُونٌ,مفعول,كَنَّ,مذكر,مفرد
1061,مُكَنَّى,مفعول,كَنَّى,مذكر,مفرد
1062,مُكَنّاة,مفعول,كَنَّى,مؤنث,مفرد
1063,مُكَهْرَبٌ,مفعول,كَهْرَبَ,مذكر,مفرد
1064,مُكَوَّرٌ,مفعول,كَوَّرَ,مذكر,مفرد
1065,مُكَوَّمٌ,مفعول,كَوَّمَ,مذكر,مفرد
1066,مُكَوَّنٌ,مفعول,كَوَّنَ,مذكر,مفرد
1067,مَكْوِيٌّ,مفعول,كَوَى,مذكر,مفرد
1068,مُكَيَّفٌ,مفعول,كَيَّفَ,مذكر,مفرد
1069,مُلَاحَقٌ,مفعول,لاَحَقَ,مذكر,مفرد
1070,مُلَامٌ,مفعول,ألاَمَ,مذكر,مفرد
1071,مَلُومٌ,مفعول,لاَمَ,مذكر,مفرد
1072,مُلَبَّدٌ,مفعول,لَبَّدَ,مذكر,مفرد
1073,مُلَبَّسٌ,مفعول,لَبَّسَ,مذكر,مفرد
1074,مَلْحُوظٌ,مفعول,لَحَظَ,مذكر,مفرد
1075,مُلَحَّنٌ,مفعول,لَحَّنَ,مذكر,مفرد
1076,مَلْحُونٌ,مفعول,لَحَنَ,مذكر,مفرد
1077,مُلَخَّصٌ,مفعول,لَخَّصَ,مذكر,مفرد
1078,مُلَدَّنٌ,مفعول,لَدَّنَ,مذكر,مفرد
1079,مَلْسُوعٌ,مفعول,لَسَعَ,مذكر,مفرد
1080,مُلَسَّنٌ,مفعول,لَسَّنَ,مذكر,مفرد
1081,مُلَطَّفٌ,مفعول,لَطَّفَ,مذكر,مفرد
1082,مَلْعُونٌ,مفعول,لَعَنَ,مذكر,مفرد
1083,مَلَاعِينُ,مفعول,لَعَنَ,,جمع
1084,مَلْغُومٌ,مفعول,لَغَمَ,مذكر,مفرد
1085,مَلْفُوفٌ,مفعول,لَفَّ,مذكر,مفرد
1086,مَلْفُوظٌ,مفعول,لَفَظَ,مذكر,مفرد
1087,مُلَفَّقٌ,مفعول,لَفَّقَ,مذكر,مفرد
1088,مُلَقَّنٌ,مفعول,لَقَّنَ,مذكر,مفرد
1089,مُلَقَّى,مفعول,لَقَّى,مذكر,مفرد
1090,مُلَقّاة,مفعول,لَقَّى,مؤنث,مفرد
1091,مَلْمُومٌ,مفعول,لَمَّ,مذكر,مفرد
1092,مَلْمُوسٌ,مفعول,لَمَسَ,مذكر,مفرد
1093,مُلَمَّعٌ,مفعول,لَمَّعَ,مذكر,مفرد
1094,مُلَمْلَمٌ,مفعول,لَمْلَمَ,مذكر,مفرد
1095,مَلْهُوفٌ,مفعول,لَهِفَ,مذكر,مفرد
1096,مُلَوَّثٌ,مفعول,لَوَّثَ,مذكر,مفرد
1097,مُلَوَّزٌ,مفعول,لَوَّزَ,مذكر,مفرد
1098,مُلَوْلَبٌ,مفعول,لَوْلَبَ,مذكر,مفرد
1099,مُلَوَّنٌ,مفعول,لَوَّنَ,مذكر,مفرد
1100,مُلَيَّنٌ,مفعول,لَيَّنَ,مذكر,مفرد
1101,مُمَارَسٌ,مفعول,مَارَسَ,مذكر,مفرد
1102,مَمْحُوٌّ,مفعول,مَحَا,مذكر,مفرد
1103,مَمْخُوضٌ,مفعول,مَخَضَ,مذكر,مفرد
1104,مُمَدَّدٌ,مفعول,مَدَّدَ,مذكر,مفرد
1105,مَمْدُودٌ,مفعول,مَدَّ,مذكر,مفرد
1106,مَمْدُوحٌ,مفعول,مَدَحَ,مذكر,مفرد
1107,مُمَدَّنٌ,مفعول,مَدَّنَ,مذكر,مفرد
1108,مُمَرَّنٌ,مفعول,مَرَّنَ,مذكر,مفرد
1109,مَمْزُوجٌ,مفعول,مَزَجَ,مذكر,مفرد
1110,مَمْسُوخٌ,مفعول,مَسَخَ,مذكر,مفرد
1111,مُمَسَّكٌ,مفعول,مَسَّكَ,مذكر,مفرد
1112,مَمْشُوطٌ,مفعول,مَشَطَ,مذكر,مفرد
1113,مَمْشُوقٌ,مفعول,مَشَقَ,مذكر,مفرد
1114,مُمَغْنَطٌ,مفعول,مَغْنَطَ,مذكر,مفرد
1115,مَمْقُوتٌ,مفعول,مَقَتَ,مذكر,مفرد
1116,مَمْلُوءٌ,مفعول,مَلأَ,مذكر,مفرد
1117,مَمْلُوءَةٌ,مفعول,مَلأَ,مؤنث,مفرد
1118,مُمَلَّحٌ,مفعول,مَلَّحَ,مذكر,مفرد
1119,مَمْلُوكٌ,مفعول,مَلَكَ,مذكر,مفرد
1120,مَمَالِيكُ,مفعول,مَلَكَ,,جمع
1121,مَمْنُونٌ,مفعول,مَنَّ,مذكر,مفرد
1122,مَمْنُوحٌ,مفعول,مَنَحَ,مذكر,مفرد
1123,مَمْنُوعٌ,مفعول,مَنَعَ,مذكر,مفرد
1124,مُمَهَّدٌ,مفعول,مَهَّدَ,مذكر,مفرد
1125,مُمَوَّنٌ,مفعول,مَوَّنَ,مذكر,مفرد
1126,مُمَوَّهٌ,مفعول,مَوَّهَ,مذكر,مفرد
1127,مُمَيَّزٌ,مفعول,مَيَّزَ,مذكر,مفرد
1128,مُنَازَعٌ,مفعول,نَازَعَ,مذكر,مفرد
1129,مَنُوطٌ,مفعول,نَاطَ,مذكر,مفرد
1130,مَنْبُوذٌ,مفعول,نَبَذَ,مذكر,مفرد
1131,مُنَتَّنٌ,مفعول,نَتَّنَ,مذكر,مفرد
1132,مُنَجَّدٌ,مفعول,نَجَّدَ,مذكر,مفرد
1133,مَنْحُوتٌ,مفعول,نَحَتَ,مذكر,مفرد
1134,مَنْحُوسٌ,مفعول,نَحَسَ,مذكر,مفرد
1135,مناحيس,مفعول,نَحَسَ,,جمع
1136,مَنْزُوعٌ,مفعول,نَزَعَ,مذكر,مفرد
1137,مَنْزُوفٌ,مفعول,نَزَفَ,مذكر,مفرد
1138,مُنَزَّهٌ,مفعول,نَزَّهَ,مذكر,مفرد
1139,مَنْسُوبٌ,مفعول,نَسَبَ,مذكر,مفرد
1140,مَنَاسِيبُ,مفعول,نَسَبَ,,جمع
1141,مَنْسُوجٌ,مفعول,نَسَجَ,مذكر,مفرد
1142,مَنْسُوخٌ,مفعول,نَسَخَ,مذكر,مفرد
1143,مُنَسَّقٌ,مفعول,نَسَّقَ,مذكر,مفرد
1144,مَنْسُوقٌ,مفعول,نَسَقَ,مذكر,مفرد
1145,مَنْسِيٌّ,مفعول,نَسِيَ,مذكر,مفرد
1146,مَنْشُودٌ,مفعول,نَشَدَ,مذكر,مفرد
1147,مَنْشُورٌ,مفعول,نَشَرَ,مذكر,مفرد
1148,مَنَاشِيرُ,مفعول,نَشَرَ,,جمع
1149,مُنَشَّطٌ,مفعول,نَشَّطَ,مذكر,مفرد
1150,مَنْصُوصٌ,مفعول,نَصَّ,مذكر,مفرد
1151,مَنْصُوبٌ,مفعول,نَصَبَ,مذكر,مفرد
1152,مُنَضَّدٌ,مفعول,نَضَّدَ,مذكر,مفرد
1153,مَنْضُودٌ,مفعول,نَضَدَ,مذكر,مفرد
1154,مَنْطُوقٌ,مفعول,نَطَقَ,مذكر,مفرد
1155,مَنْظُورٌ,مفعول,نَظَرَ,مذكر,مفرد
1156,مُنَظَّفٌ,مفعول,نَظَّفَ,مذكر,مفرد
1157,مَنْظُومٌ,مفعول,نَظَمَ,مذكر,مفرد
1158,مُنَظَّمٌ,مفعول,نَظَّمَ,مذكر,مفرد
1159,مُنَعَّمٌ,مفعول,نَعَّمَ,مذكر,مفرد
1160,مُنَغَّمٌ,مفعول,نَغَّمَ,مذكر,مفرد
1161,مَنْفُوخٌ,مفعول,نَفَخَ,مذكر,مفرد
1162,مُنَفَّذٌ,مفعول,نَفَّذَ,مذكر,مفرد
1163,مَنْفُوشٌ,مفعول,نَفَشَ,مذكر,مفرد
1164,مَنْفُوضٌ,مفعول,نَفَضَ,مذكر,مفرد
1165,مَنْفِيٌّ,مفعول,نَفَى,مذكر,مفرد
1166,مَنْقُوبٌ,مفعول,نَقَبَ,مذكر,مفرد
1167,مُنَقَّحٌ,مفعول,نَقَّحَ,مذكر,مفرد
1168,مَنْقُوشٌ,مفعول,نَقَشَ,مذكر,مفرد
1169,مُنَقَّطٌ,مفعول,نَقَّطَ,مذكر,مفرد
1170,مَنْقُوطٌ,مفعول,نَقَطَ,مذكر,مفرد
1171,مَنْقُوعٌ,مفعول,نَقَعَ,مذكر,مفرد
1172,مَنْقُولٌ,مفعول,نَقَلَ,مذكر,مفرد
1173,مَنْكُوبٌ,مفعول,نَكَبَ,مذكر,مفرد
1174,مُنَكَّدٌ,مفعول,نَكَّدَ,مذكر,مفرد
1175,مَنْكُودٌ,مفعول,نَكَدَ,مذكر,مفرد
1176,مَنَاكِيدُ,مفعول,نَكَدَ,,جمع
1177,مُنَكَّرٌ,مفعول,نَكَّرَ,مذكر,مفرد
1178,مُنَكَّسٌ,مفعول,نَكَّسَ,مذكر,مفرد
1179,مَنْكُوسٌ,مفعول,نَكَسَ,مذكر,مفرد
1180,مَنْكُوشٌ,مفعول,نَكَشَ,مذكر,مفرد
1181,مُنَمَّقٌ,مفعول,نَمَّقَ,مذكر,مفرد
1182,مُنَمْنَمٌ,مفعول,نَمْنَمَ,مذكر,مفرد
1183,مَنْهُوكٌ,مفعول,نَهَكَ,مذكر,مفرد
1184,مَنْهِيٌّ,مفعول,نَهَى,مذكر,مفرد
1185,مُنَوَّرٌ,مفعول,نَوَّرَ,مذكر,مفرد
1186,مُنَوَّعٌ,مفعول,نَوَّعَ,مذكر,مفرد
1187,مَهِيضٌ,مفعول,هَاضَ,مذكر,مفرد
1188,مَهُولٌ,مفعول,هَالَ,مذكر,مفرد
1189,مَهْبُولٌ,مفعول,هَبِلَ,مذكر,مفرد
1190,مهابيل,مفعول,هَبِلَ,,جمع
1191,مَهْجُوٌّ,مفعول,هَجَا,مذكر,مفرد
1192,مُهَجَّرٌ,مفعول,هَجَّرَ,مذكر,مفرد
1193,مَهْجُورٌ,مفعول,هَجَرَ,مذكر,مفرد
1194,مُهَدَّدٌ,مفعول,هَدَّدَ,مذكر,مفرد
1195,مُهَدَّمٌ,مفعول,هَدَّمَ,مذكر,مفرد
1196,مَهْدِيٌّ,مفعول,هَدَى,مذكر,مفرد
1197,مُهَذَّبٌ,مفعول,هَذَّبَ,مذكر,مفرد
1198,مُهَرَّبٌ,مفعول,هَرَّبَ,مذكر,مفرد
1199,مَهْزُولٌ,مفعول,هَزَلَ,مذكر,مفرد
1200,مَهْزُومٌ,مفعول,هَزَمَ,مذكر,مفرد
1201,مُهَشَّمٌ,مفعول,هَشَّمَ,مذكر,مفرد
1202,مَهْضُومٌ,مفعول,هَضَمَ,مذكر,مفرد
1203,مُهَفْهَفٌ,مفعول,هَفْهَفَ,مذكر,مفرد
1204,مُهَلْهَلٌ,مفعول,هَلْهَلَ,مذكر,مفرد
1205,مَهْمُومٌ,مفعول,هَمَّ,مذكر,مفرد
1206,مَهْمُوسٌ,مفعول,هَمَسَ,مذكر,مفرد
1207,مُهَمَّشٌ,مفعول,هَمَّشَ,مذكر,مفرد
1208,مُهَنَّدٌ,مفعول,هَنَّدَ,مذكر,مفرد
1209,مُهَوَّسٌ,مفعول,هَوَّسَ,مذكر,مفرد
1210,مَوْبُوءٌ,مفعول,وَبِئَ,مذكر,مفرد
1211,مَوْبُوءَةٌ,مفعول,وَبِئَ,مؤنث,مفرد
1212,مَوْتُورٌ,مفعول,وَتَرَ,مذكر,مفرد
1213,مُوَثَّقٌ,مفعول,وَثَّقَ,مذكر,مفرد
1214,مَوْثُوقٌ,مفعول,وَثِقَ,مذكر,مفرد
1215,مَوْجُودٌ,مفعول,وَجَدَ,مذكر,مفرد
1216,مُوَجَّهٌ,مفعول,وَجَّهَ,مذكر,مفرد
1217,مُوَحَّدٌ,مفعول,وَحَّدَ,مذكر,مفرد
1218,مَوْرُوثٌ,مفعول,وَرِثَ,مذكر,مفرد
1219,مُوَرَّدٌ,مفعول,وَرَّدَ,مذكر,مفرد
1220,مُوَرَّمٌ,مفعول,وَرَّمَ,مذكر,مفرد
1221,مُوَزَّعٌ,مفعول,وَزَّعَ,مذكر,مفرد
1222,مَوْزُونٌ,مفعول,وَزَنَ,مذكر,مفرد
1223,مُوَسَّخٌ,مفعول,وَسَّخَ,مذكر,مفرد
1224,مُوَسَّعٌ,مفعول,وَسَّعَ,مذكر,مفرد
1225,مُوَسْوَسٌ,مفعول,وَسْوَسَ,مذكر,مفرد
1226,مُوَشَّحٌ,مفعول,وَشَّحَ,مذكر,مفرد
1227,مُوَشَّى,مفعول,وَشَّى,مذكر,مفرد
1228,مُوَشّاة,مفعول,وَشَّى,مؤنث,مفرد
1229,مَوْصُوفٌ,مفعول,وَصَفَ,مذكر,مفرد
1230,مَوْصُولٌ,مفعول,وَصَلَ,مذكر,مفرد
1231,مَوْصُومٌ,مفعول,وَصَمَ,مذكر,مفرد
1232,مُوَضَّحٌ,مفعول,وَضَّحَ,مذكر,مفرد
1233,مُوَطَّأٌ,مفعول,وَطَّأَ,مذكر,مفرد
1234,مُوَطَّأَةٌ,مفعول,وَطَّأَ,مؤنث,مفرد
1235,مُوَطَّدٌ,مفعول,وَطَّدَ,مذكر,مفرد
1236,مُوَظَّفٌ,مفعول,وَظَّفَ,مذكر,مفرد
1237,مَوْعُودٌ,مفعول,وَعَدَ,مذكر,مفرد
1238,مَوَاعِيدُ,مفعول,وَعَدَ,,جمع
1239,مَوْعُوكٌ,مفعول,وَعَكَ,مذكر,مفرد
1240,مَوْفُورٌ,مفعول,وَفَرَ,مذكر,مفرد
1241,مُوَفَّقٌ,مفعول,وَفَّقَ,مذكر,مفرد
1242,مُوَقَّتٌ,مفعول,وَقَّتَ,مذكر,مفرد
1243,مَوْقُوتٌ,مفعول,وَقَتَ,مذكر,مفرد
1244,مُوَقَّرٌ,مفعول,وَقَّرَ,مذكر,مفرد
1245,مُوَقَّعٌ,مفعول,وَقَّعَ,مذكر,مفرد
1246,مَوْقُوفٌ,مفعول,وَقَفَ,مذكر,مفرد
1247,مُوَكَّلٌ,مفعول,وَكَّلَ,مذكر,مفرد
1248,مُوَلَّدٌ,مفعول,وَلَّدَ,مذكر,مفرد
1249,مَوْلُودٌ,مفعول,وَلَدَ,مذكر,مفرد
1250,مَوَالِيدُ,مفعول,وَلَدَ,,جمع
1251,مُوَلَّعٌ,مفعول,وَلَّعَ,مذكر,مفرد
1252,مُوَلَّهٌ,مفعول,وَلَّهَ,مذكر,مفرد
1253,مَوْهُوبٌ,مفعول,وَهَبَ,مذكر,مفرد
1254,مَوْهُومٌ,مفعول,وَهَمَ,مذكر,مفرد
1255,مَوْهُونٌ,مفعول,وَهَنَ,مذكر,مفرد
1256,مَيْسُورٌ,مفعول,يَسَرَ,مذكر,مفرد
1257,مَيَاسِرُ,مفعول,يَسَرَ,,جمع
1258,مُيَسَّرٌ,مفعول,يَسَّرَ,مذكر,مفرد
1259,مُيَمَّمٌ,مفعول,يَمَّمَ,مذكر,مفرد
1260,مُيَمَّنٌ,مفعول,يَمَّنَ,مذكر,مفرد
1261,مَيْؤُوسٌ,مفعول,يَئِسَ,مذكر,مفرد
1262,مُسَوَّمٌ,مفعول,سَوَّمَ,مذكر,مفرد
1263,مُسْتَضْعَفٌ,مفعول,اِسْتَضْعَفَ,مذكر,مفرد
